0 0 0
0.001 14.1522 8.49517e-06
0.002 14.1281 3.39614e-05
0.003 14.104 7.63697e-05
0.004 14.08 0.000135691
0.005 14.056 0.000211897
0.006 14.032 0.000304959
0.007 14.0081 0.000414847
0.008 13.9843 0.000541534
0.009 13.9605 0.000684991
0.01 13.9367 0.000845189
0.011 13.913 0.0010221
0.012 13.8893 0.00121569
0.013 13.8656 0.00142594
0.014 13.8421 0.00165282
0.015 13.8185 0.0018963
0.016 13.795 0.00215635
0.017 13.7715 0.00243294
0.018 13.7481 0.00272604
0.019 13.7247 0.00303563
0.02 13.7014 0.00336168
0.021 13.6781 0.00370416
0.022 13.6548 0.00406305
0.023 13.6316 0.00443831
0.024 13.6085 0.00482991
0.025 13.5853 0.00523783
0.026 13.5622 0.00566205
0.027 13.5392 0.00610253
0.028 13.5162 0.00655924
0.029 13.4932 0.00703216
0.03 13.4703 0.00752127
0.031 13.4474 0.00802653
0.032 13.4246 0.00854791
0.033 13.4018 0.00908539
0.034 13.3791 0.00963894
0.035 13.3564 0.0102085
0.036 13.3337 0.0107942
0.037 13.3111 0.0113958
0.038 13.2885 0.0120133
0.039 13.2659 0.0126468
0.04 13.2434 0.0132962
0.041 13.221 0.0139615
0.042 13.1986 0.0146427
0.043 13.1762 0.0153396
0.044 13.1538 0.0160524
0.045 13.1315 0.016781
0.046 13.1093 0.0175253
0.047 13.0871 0.0182853
0.048 13.0649 0.019061
0.049 13.0428 0.0198524
0.05 13.0207 0.0206594
0.051 12.9986 0.021482
0.052 12.9766 0.0223202
0.053 12.9546 0.023174
0.054 12.9327 0.0240433
0.055 12.9108 0.0249281
0.056 12.8889 0.0258285
0.057 12.8671 0.0267442
0.058 12.8453 0.0276754
0.059 12.8236 0.028622
0.06 12.8019 0.029584
0.061 12.7802 0.0305613
0.062 12.7586 0.031554
0.063 12.737 0.0325619
0.064 12.7155 0.0335851
0.065 12.694 0.0346236
0.066 12.6725 0.0356773
0.067 12.6511 0.0367462
0.068 12.6297 0.0378303
0.069 12.6084 0.0389295
0.07 12.5871 0.0400438
0.071 12.5658 0.0411732
0.072 12.5446 0.0423177
0.073 12.5234 0.0434773
0.074 12.5022 0.0446518
0.075 12.4811 0.0458414
0.076 12.46 0.0470459
0.077 12.439 0.0482653
0.078 12.418 0.0494997
0.079 12.397 0.050749
0.08 12.3761 0.0520131
0.081 12.3552 0.0532921
0.082 12.3344 0.0545859
0.083 12.3136 0.0558944
0.084 12.2928 0.0572178
0.085 12.2721 0.0585559
0.086 12.2514 0.0599087
0.087 12.2307 0.0612762
0.088 12.2101 0.0626583
0.089 12.1895 0.0640551
0.09 12.169 0.0654666
0.091 12.1484 0.0668926
0.092 12.128 0.0683332
0.093 12.1075 0.0697883
0.094 12.0871 0.0712579
0.095 12.0668 0.0727421
0.096 12.0465 0.0742407
0.097 12.0262 0.0757537
0.098 12.0059 0.0772812
0.099 11.9857 0.0788231
0.1 11.9655 0.0803793
0.101 11.9454 0.0819499
0.102 11.9253 0.0835349
0.103 11.9052 0.0851341
0.104 11.8852 0.0867476
0.105 11.8652 0.0883754
0.106 11.8452 0.0900173
0.107 11.8253 0.0916735
0.108 11.8054 0.0933439
0.109 11.7856 0.0950284
0.11 11.7657 0.0967271
0.111 11.746 0.0984398
0.112 11.7262 0.100167
0.113 11.7065 0.101908
0.114 11.6868 0.103663
0.115 11.6672 0.105432
0.116 11.6476 0.107214
0.117 11.628 0.109011
0.118 11.6085 0.110822
0.119 11.589 0.112647
0.12 11.5696 0.114486
0.121 11.5501 0.116338
0.122 11.5307 0.118205
0.123 11.5114 0.120085
0.124 11.4921 0.121979
0.125 11.4728 0.123887
0.126 11.4535 0.125808
0.127 11.4343 0.127744
0.128 11.4151 0.129693
0.129 11.396 0.131656
0.13 11.3769 0.133632
0.131 11.3578 0.135622
0.132 11.3388 0.137626
0.133 11.3198 0.139643
0.134 11.3008 0.141674
0.135 11.2818 0.143718
0.136 11.2629 0.145776
0.137 11.2441 0.147847
0.138 11.2252 0.149932
0.139 11.2064 0.152031
0.14 11.1877 0.154142
0.141 11.1689 0.156268
0.142 11.1502 0.158406
0.143 11.1316 0.160558
0.144 11.1129 0.162724
0.145 11.0943 0.164902
0.146 11.0758 0.167094
0.147 11.0572 0.169299
0.148 11.0387 0.171518
0.149 11.0203 0.17375
0.15 11.0018 0.175995
0.151 10.9834 0.178253
0.152 10.9651 0.180524
0.153 10.9467 0.182808
0.154 10.9284 0.185106
0.155 10.9102 0.187417
0.156 10.8919 0.189741
0.157 10.8737 0.192077
0.158 10.8556 0.194427
0.159 10.8374 0.19679
0.16 10.8193 0.199166
0.161 10.8013 0.201555
0.162 10.7832 0.203957
0.163 10.7652 0.206372
0.164 10.7472 0.208799
0.165 10.7293 0.21124
0.166 10.7114 0.213693
0.167 10.6935 0.216159
0.168 10.6757 0.218638
0.169 10.6579 0.22113
0.17 10.6401 0.223635
0.171 10.6223 0.226152
0.172 10.6046 0.228683
0.173 10.5869 0.231226
0.174 10.5693 0.233781
0.175 10.5517 0.236349
0.176 10.5341 0.23893
0.177 10.5165 0.241524
0.178 10.499 0.24413
0.179 10.4815 0.246749
0.18 10.464 0.24938
0.181 10.4466 0.252024
0.182 10.4292 0.25468
0.183 10.4118 0.257349
0.184 10.3945 0.260031
0.185 10.3772 0.262724
0.186 10.3599 0.265431
0.187 10.3427 0.268149
0.188 10.3255 0.270881
0.189 10.3083 0.273624
0.19 10.2911 0.27638
0.191 10.274 0.279148
0.192 10.2569 0.281929
0.193 10.2399 0.284721
0.194 10.2228 0.287527
0.195 10.2058 0.290344
0.196 10.1889 0.293174
0.197 10.1719 0.296015
0.198 10.155 0.298869
0.199 10.1382 0.301736
0.2 10.1213 0.304614
0.201 10.1045 0.307504
0.202 10.0877 0.310407
0.203 10.071 0.313322
0.204 10.0542 0.316248
0.205 10.0375 0.319187
0.206 10.0209 0.322138
0.207 10.0042 0.325101
0.208 9.98763 0.328076
0.209 9.97106 0.331063
0.21 9.95451 0.334062
0.211 9.938 0.337072
0.212 9.92151 0.340095
0.213 9.90506 0.34313
0.214 9.88863 0.346176
0.215 9.87223 0.349234
0.216 9.85586 0.352305
0.217 9.83953 0.355387
0.218 9.82322 0.35848
0.219 9.80694 0.361586
0.22 9.79069 0.364703
0.221 9.77446 0.367832
0.222 9.75827 0.370973
0.223 9.74211 0.374126
0.224 9.72597 0.37729
0.225 9.70987 0.380466
0.226 9.69379 0.383653
0.227 9.67774 0.386852
0.228 9.66172 0.390063
0.229 9.64573 0.393285
0.23 9.62977 0.396519
0.231 9.61384 0.399764
0.232 9.59793 0.403021
0.233 9.58206 0.40629
0.234 9.56621 0.40957
0.235 9.55039 0.412861
0.236 9.5346 0.416164
0.237 9.51883 0.419478
0.238 9.5031 0.422804
0.239 9.48739 0.426141
0.24 9.47171 0.429489
0.241 9.45606 0.432849
0.242 9.44044 0.43622
0.243 9.42485 0.439603
0.244 9.40928 0.442997
0.245 9.39374 0.446402
0.246 9.37823 0.449818
0.247 9.36275 0.453246
0.248 9.34729 0.456685
0.249 9.33186 0.460135
0.25 9.31646 0.463596
0.251 9.30109 0.467068
0.252 9.28574 0.470552
0.253 9.27043 0.474047
0.254 9.25514 0.477552
0.255 9.23987 0.481069
0.256 9.22464 0.484597
0.257 9.20943 0.488136
0.258 9.19425 0.491686
0.259 9.17909 0.495247
0.26 9.16396 0.49882
0.261 9.14886 0.502403
0.262 9.13379 0.505997
0.263 9.11874 0.509602
0.264 9.10372 0.513218
0.265 9.08873 0.516845
0.266 9.07377 0.520482
0.267 9.05883 0.524131
0.268 9.04391 0.527791
0.269 9.02903 0.531461
0.27 9.01417 0.535142
0.271 8.99933 0.538834
0.272 8.98453 0.542537
0.273 8.96975 0.546251
0.274 8.95499 0.549975
0.275 8.94027 0.55371
0.276 8.92556 0.557456
0.277 8.91089 0.561212
0.278 8.89624 0.56498
0.279 8.88162 0.568757
0.28 8.86702 0.572546
0.281 8.85245 0.576345
0.282 8.83791 0.580155
0.283 8.82339 0.583975
0.284 8.80889 0.587806
0.285 8.79443 0.591648
0.286 8.77999 0.5955
0.287 8.76557 0.599362
0.288 8.75118 0.603235
0.289 8.73682 0.607119
0.29 8.72248 0.611013
0.291 8.70816 0.614917
0.292 8.69388 0.618832
0.293 8.67961 0.622758
0.294 8.66538 0.626694
0.295 8.65117 0.63064
0.296 8.63698 0.634596
0.297 8.62282 0.638563
0.298 8.60868 0.642541
0.299 8.59457 0.646528
0.3 8.58049 0.650526
0.301 8.56643 0.654534
0.302 8.55239 0.658553
0.303 8.53838 0.662581
0.304 8.52439 0.66662
0.305 8.51043 0.670669
0.306 8.4965 0.674729
0.307 8.48259 0.678798
0.308 8.4687 0.682878
0.309 8.45484 0.686968
0.31 8.441 0.691068
0.311 8.42719 0.695178
0.312 8.4134 0.699299
0.313 8.39964 0.703429
0.314 8.3859 0.707569
0.315 8.37218 0.71172
0.316 8.35849 0.71588
0.317 8.34483 0.720051
0.318 8.33119 0.724231
0.319 8.31757 0.728422
0.32 8.30398 0.732622
0.321 8.29041 0.736833
0.322 8.27686 0.741053
0.323 8.26334 0.745284
0.324 8.24984 0.749524
0.325 8.23637 0.753774
0.326 8.22292 0.758034
0.327 8.2095 0.762304
0.328 8.1961 0.766584
0.329 8.18272 0.770873
0.33 8.16936 0.775173
0.331 8.15603 0.779482
0.332 8.14273 0.783801
0.333 8.12944 0.78813
0.334 8.11619 0.792468
0.335 8.10295 0.796816
0.336 8.08974 0.801174
0.337 8.07655 0.805542
0.338 8.06338 0.809919
0.339 8.05024 0.814306
0.34 8.03712 0.818703
0.341 8.02403 0.823109
0.342 8.01095 0.827525
0.343 7.9979 0.83195
0.344 7.98488 0.836385
0.345 7.97187 0.84083
0.346 7.95889 0.845284
0.347 7.94594 0.849748
0.348 7.933 0.854221
0.349 7.92009 0.858704
0.35 7.9072 0.863196
0.351 7.89434 0.867698
0.352 7.88149 0.872209
0.353 7.86867 0.87673
0.354 7.85588 0.88126
0.355 7.8431 0.8858
0.356 7.83035 0.890349
0.357 7.81762 0.894907
0.358 7.80491 0.899475
0.359 7.79223 0.904052
0.36 7.77957 0.908638
0.361 7.76693 0.913234
0.362 7.75431 0.917839
0.363 7.74171 0.922454
0.364 7.72914 0.927077
0.365 7.71659 0.93171
0.366 7.70406 0.936352
0.367 7.69156 0.941004
0.368 7.67907 0.945664
0.369 7.66661 0.950334
0.37 7.65417 0.955013
0.371 7.64175 0.959702
0.372 7.62935 0.964399
0.373 7.61698 0.969106
0.374 7.60463 0.973821
0.375 7.5923 0.978546
0.376 7.57999 0.98328
0.377 7.5677 0.988023
0.378 7.55544 0.992775
0.379 7.54319 0.997536
0.38 7.53097 1.00231
0.381 7.51877 1.00709
0.382 7.50659 1.01187
0.383 7.49443 1.01667
0.384 7.4823 1.02148
0.385 7.47018 1.02629
0.386 7.45809 1.03112
0.387 7.44602 1.03595
0.388 7.43397 1.04079
0.389 7.42194 1.04564
0.39 7.40993 1.0505
0.391 7.39794 1.05537
0.392 7.38598 1.06025
0.393 7.37403 1.06514
0.394 7.36211 1.07003
0.395 7.3502 1.07493
0.396 7.33832 1.07985
0.397 7.32646 1.08477
0.398 7.31462 1.0897
0.399 7.3028 1.09464
0.4 7.291 1.09959
0.401 7.27923 1.10454
0.402 7.26747 1.10951
0.403 7.25573 1.11448
0.404 7.24402 1.11947
0.405 7.23232 1.12446
0.406 7.22065 1.12946
0.407 7.209 1.13447
0.408 7.19736 1.13949
0.409 7.18575 1.14451
0.41 7.17416 1.14955
0.411 7.16259 1.15459
0.412 7.15103 1.15964
0.413 7.1395 1.1647
0.414 7.12799 1.16977
0.415 7.1165 1.17485
0.416 7.10503 1.17994
0.417 7.09358 1.18503
0.418 7.08215 1.19013
0.419 7.07074 1.19525
0.42 7.05935 1.20037
0.421 7.04798 1.20549
0.422 7.03663 1.21063
0.423 7.0253 1.21578
0.424 7.01399 1.22093
0.425 7.0027 1.22609
0.426 6.99143 1.23126
0.427 6.98018 1.23644
0.428 6.96895 1.24163
0.429 6.95774 1.24683
0.43 6.94655 1.25203
0.431 6.93538 1.25724
0.432 6.92422 1.26247
0.433 6.91309 1.26769
0.434 6.90198 1.27293
0.435 6.89088 1.27818
0.436 6.87981 1.28343
0.437 6.86876 1.28869
0.438 6.85772 1.29397
0.439 6.8467 1.29924
0.44 6.83571 1.30453
0.441 6.82473 1.30983
0.442 6.81377 1.31513
0.443 6.80283 1.32044
0.444 6.79191 1.32576
0.445 6.78101 1.33109
0.446 6.77013 1.33642
0.447 6.75927 1.34177
0.448 6.74843 1.34712
0.449 6.7376 1.35248
0.45 6.7268 1.35785
0.451 6.71601 1.36323
0.452 6.70524 1.36861
0.453 6.6945 1.374
0.454 6.68377 1.3794
0.455 6.67305 1.38481
0.456 6.66236 1.39023
0.457 6.65169 1.39565
0.458 6.64103 1.40109
0.459 6.6304 1.40653
0.46 6.61978 1.41198
0.461 6.60918 1.41743
0.462 6.5986 1.4229
0.463 6.58804 1.42837
0.464 6.5775 1.43385
0.465 6.56697 1.43934
0.466 6.55647 1.44483
0.467 6.54598 1.45034
0.468 6.53551 1.45585
0.469 6.52506 1.46137
0.47 6.51462 1.46689
0.471 6.50421 1.47243
0.472 6.49381 1.47797
0.473 6.48343 1.48352
0.474 6.47307 1.48908
0.475 6.46273 1.49465
0.476 6.45241 1.50022
0.477 6.4421 1.5058
0.478 6.43181 1.51139
0.479 6.42154 1.51699
0.48 6.41129 1.5226
0.481 6.40105 1.52821
0.482 6.39084 1.53383
0.483 6.38064 1.53946
0.484 6.37046 1.54509
0.485 6.3603 1.55074
0.486 6.35015 1.55639
0.487 6.34002 1.56204
0.488 6.32991 1.56771
0.489 6.31982 1.57338
0.49 6.30975 1.57907
0.491 6.29969 1.58475
0.492 6.28965 1.59045
0.493 6.27963 1.59615
0.494 6.26962 1.60187
0.495 6.25964 1.60758
0.496 6.24967 1.61331
0.497 6.23971 1.61904
0.498 6.22978 1.62479
0.499 6.21986 1.63054
0.5 6.20996 1.63629
0.501 6.20008 1.64206
0.502 6.19021 1.64783
0.503 6.18036 1.65361
0.504 6.17053 1.65939
0.505 6.16072 1.66518
0.506 6.15092 1.67099
0.507 6.14114 1.67679
0.508 6.13138 1.68261
0.509 6.12163 1.68843
0.51 6.1119 1.69426
0.511 6.10219 1.7001
0.512 6.09249 1.70595
0.513 6.08282 1.7118
0.514 6.07315 1.71766
0.515 6.06351 1.72352
0.516 6.05388 1.7294
0.517 6.04427 1.73528
0.518 6.03468 1.74117
0.519 6.0251 1.74706
0.52 6.01554 1.75297
0.521 6.00599 1.75888
0.522 5.99646 1.76479
0.523 5.98695 1.77072
0.524 5.97746 1.77665
0.525 5.96798 1.78259
0.526 5.95852 1.78854
0.527 5.94907 1.79449
0.528 5.93964 1.80045
0.529 5.93023 1.80642
0.53 5.92083 1.81239
0.531 5.91145 1.81837
0.532 5.90209 1.82436
0.533 5.89274 1.83036
0.534 5.88341 1.83636
0.535 5.8741 1.84237
0.536 5.8648 1.84839
0.537 5.85551 1.85441
0.538 5.84625 1.86044
0.539 5.837 1.86648
0.54 5.82776 1.87253
0.541 5.81854 1.87858
0.542 5.80934 1.88464
0.543 5.80016 1.89071
0.544 5.79098 1.89678
0.545 5.78183 1.90286
0.546 5.77269 1.90895
0.547 5.76357 1.91504
0.548 5.75446 1.92114
0.549 5.74537 1.92725
0.55 5.73629 1.93336
0.551 5.72723 1.93948
0.552 5.71819 1.94561
0.553 5.70916 1.95175
0.554 5.70015 1.95789
0.555 5.69115 1.96404
0.556 5.68217 1.97019
0.557 5.6732 1.97636
0.558 5.66425 1.98253
0.559 5.65532 1.9887
0.56 5.6464 1.99488
0.561 5.6375 2.00107
0.562 5.62861 2.00727
0.563 5.61973 2.01347
0.564 5.61088 2.01968
0.565 5.60203 2.0259
0.566 5.59321 2.03212
0.567 5.58439 2.03835
0.568 5.5756 2.04459
0.569 5.56682 2.05083
0.57 5.55805 2.05708
0.571 5.5493 2.06334
0.572 5.54056 2.0696
0.573 5.53184 2.07587
0.574 5.52313 2.08215
0.575 5.51444 2.08843
0.576 5.50577 2.09472
0.577 5.49711 2.10102
0.578 5.48846 2.10732
0.579 5.47983 2.11363
0.58 5.47121 2.11995
0.581 5.46261 2.12627
0.582 5.45403 2.1326
0.583 5.44546 2.13894
0.584 5.4369 2.14528
0.585 5.42836 2.15163
0.586 5.41983 2.15799
0.587 5.41132 2.16435
0.588 5.40282 2.17072
0.589 5.39434 2.17709
0.59 5.38587 2.18347
0.591 5.37741 2.18986
0.592 5.36897 2.19625
0.593 5.36055 2.20266
0.594 5.35214 2.20906
0.595 5.34374 2.21548
0.596 5.33536 2.2219
0.597 5.327 2.22832
0.598 5.31864 2.23476
0.599 5.31031 2.2412
0.6 5.30198 2.24764
0.601 5.29367 2.25409
0.602 5.28538 2.26055
0.603 5.2771 2.26702
0.604 5.26883 2.27349
0.605 5.26058 2.27996
0.606 5.25234 2.28645
0.607 5.24412 2.29294
0.608 5.23591 2.29943
0.609 5.22771 2.30594
0.61 5.21953 2.31244
0.611 5.21137 2.31896
0.612 5.20321 2.32548
0.613 5.19507 2.33201
0.614 5.18695 2.33854
0.615 5.17884 2.34508
0.616 5.17074 2.35163
0.617 5.16266 2.35818
0.618 5.15459 2.36474
0.619 5.14653 2.3713
0.62 5.13849 2.37787
0.621 5.13046 2.38445
0.622 5.12245 2.39104
0.623 5.11445 2.39762
0.624 5.10646 2.40422
0.625 5.09849 2.41082
0.626 5.09053 2.41743
0.627 5.08259 2.42404
0.628 5.07465 2.43066
0.629 5.06674 2.43729
0.63 5.05883 2.44392
0.631 5.05094 2.45056
0.632 5.04306 2.4572
0.633 5.0352 2.46385
0.634 5.02735 2.47051
0.635 5.01951 2.47717
0.636 5.01169 2.48384
0.637 5.00388 2.49051
0.638 4.99608 2.4972
0.639 4.9883 2.50388
0.64 4.98053 2.51057
0.641 4.97277 2.51727
0.642 4.96503 2.52398
0.643 4.9573 2.53069
0.644 4.94958 2.5374
0.645 4.94188 2.54413
0.646 4.93419 2.55085
0.647 4.92651 2.55759
0.648 4.91885 2.56433
0.649 4.9112 2.57107
0.65 4.90356 2.57782
0.651 4.89594 2.58458
0.652 4.88832 2.59135
0.653 4.88073 2.59811
0.654 4.87314 2.60489
0.655 4.86557 2.61167
0.656 4.85801 2.61846
0.657 4.85046 2.62525
0.658 4.84293 2.63205
0.659 4.83541 2.63885
0.66 4.8279 2.64566
0.661 4.82041 2.65248
0.662 4.81292 2.6593
0.663 4.80545 2.66613
0.664 4.798 2.67296
0.665 4.79055 2.6798
0.666 4.78312 2.68664
0.667 4.7757 2.69349
0.668 4.7683 2.70035
0.669 4.76091 2.70721
0.67 4.75352 2.71408
0.671 4.74616 2.72095
0.672 4.7388 2.72783
0.673 4.73146 2.73472
0.674 4.72413 2.74161
0.675 4.71681 2.7485
0.676 4.70951 2.7554
0.677 4.70221 2.76231
0.678 4.69493 2.76922
0.679 4.68767 2.77614
0.68 4.68041 2.78307
0.681 4.67317 2.79
0.682 4.66594 2.79693
0.683 4.65872 2.80387
0.684 4.65151 2.81082
0.685 4.64432 2.81777
0.686 4.63714 2.82473
0.687 4.62997 2.83169
0.688 4.62281 2.83866
0.689 4.61567 2.84564
0.69 4.60854 2.85262
0.691 4.60142 2.8596
0.692 4.59431 2.86659
0.693 4.58721 2.87359
0.694 4.58013 2.88059
0.695 4.57306 2.8876
0.696 4.566 2.89461
0.697 4.55895 2.90163
0.698 4.55191 2.90865
0.699 4.54489 2.91568
0.7 4.53788 2.92272
0.701 4.53088 2.92976
0.702 4.52389 2.9368
0.703 4.51691 2.94385
0.704 4.50995 2.95091
0.705 4.503 2.95797
0.706 4.49606 2.96504
0.707 4.48913 2.97211
0.708 4.48221 2.97919
0.709 4.47531 2.98627
0.71 4.46841 2.99336
0.711 4.46153 3.00046
0.712 4.45466 3.00756
0.713 4.4478 3.01466
0.714 4.44096 3.02177
0.715 4.43412 3.02889
0.716 4.4273 3.03601
0.717 4.42049 3.04313
0.718 4.41369 3.05027
0.719 4.4069 3.0574
0.72 4.40012 3.06454
0.721 4.39335 3.07169
0.722 4.3866 3.07884
0.723 4.37986 3.086
0.724 4.37313 3.09317
0.725 4.36641 3.10033
0.726 4.3597 3.10751
0.727 4.353 3.11469
0.728 4.34632 3.12187
0.729 4.33964 3.12906
0.73 4.33298 3.13625
0.731 4.32633 3.14345
0.732 4.31969 3.15066
0.733 4.31306 3.15787
0.734 4.30644 3.16508
0.735 4.29983 3.1723
0.736 4.29324 3.17953
0.737 4.28665 3.18676
0.738 4.28008 3.194
0.739 4.27352 3.20124
0.74 4.26697 3.20848
0.741 4.26043 3.21573
0.742 4.2539 3.22299
0.743 4.24738 3.23025
0.744 4.24088 3.23752
0.745 4.23438 3.24479
0.746 4.2279 3.25207
0.747 4.22142 3.25935
0.748 4.21496 3.26663
0.749 4.20851 3.27393
0.75 4.20207 3.28122
0.751 4.19564 3.28853
0.752 4.18922 3.29583
0.753 4.18281 3.30314
0.754 4.17642 3.31046
0.755 4.17003 3.31778
0.756 4.16365 3.32511
0.757 4.15729 3.33244
0.758 4.15093 3.33978
0.759 4.14459 3.34712
0.76 4.13826 3.35447
0.761 4.13194 3.36182
0.762 4.12563 3.36918
0.763 4.11933 3.37654
0.764 4.11304 3.38391
0.765 4.10676 3.39128
0.766 4.10049 3.39865
0.767 4.09423 3.40603
0.768 4.08798 3.41342
0.769 4.08175 3.42081
0.77 4.07552 3.42821
0.771 4.0693 3.43561
0.772 4.0631 3.44302
0.773 4.0569 3.45043
0.774 4.05072 3.45784
0.775 4.04455 3.46526
0.776 4.03838 3.47269
0.777 4.03223 3.48012
0.778 4.02609 3.48755
0.779 4.01995 3.49499
0.78 4.01383 3.50244
0.781 4.00772 3.50989
0.782 4.00162 3.51734
0.783 3.99553 3.5248
0.784 3.98945 3.53227
0.785 3.98338 3.53973
0.786 3.97732 3.54721
0.787 3.97127 3.55469
0.788 3.96523 3.56217
0.789 3.9592 3.56966
0.79 3.95318 3.57715
0.791 3.94717 3.58465
0.792 3.94117 3.59215
0.793 3.93518 3.59966
0.794 3.9292 3.60717
0.795 3.92323 3.61468
0.796 3.91727 3.6222
0.797 3.91132 3.62973
0.798 3.90538 3.63726
0.799 3.89945 3.64479
0.8 3.89353 3.65233
0.801 3.88763 3.65988
0.802 3.88173 3.66743
0.803 3.87584 3.67498
0.804 3.86996 3.68254
0.805 3.86409 3.6901
0.806 3.85823 3.69767
0.807 3.85238 3.70524
0.808 3.84654 3.71282
0.809 3.84071 3.7204
0.81 3.83489 3.72799
0.811 3.82908 3.73558
0.812 3.82328 3.74317
0.813 3.81749 3.75077
0.814 3.8117 3.75838
0.815 3.80593 3.76599
0.816 3.80017 3.7736
0.817 3.79442 3.78122
0.818 3.78868 3.78884
0.819 3.78294 3.79647
0.82 3.77722 3.8041
0.821 3.77151 3.81173
0.822 3.7658 3.81938
0.823 3.76011 3.82702
0.824 3.75442 3.83467
0.825 3.74875 3.84232
0.826 3.74308 3.84998
0.827 3.73742 3.85765
0.828 3.73178 3.86531
0.829 3.72614 3.87299
0.83 3.72051 3.88066
0.831 3.71489 3.88834
0.832 3.70928 3.89603
0.833 3.70368 3.90372
0.834 3.69809 3.91141
0.835 3.69251 3.91911
0.836 3.68694 3.92682
0.837 3.68138 3.93452
0.838 3.67582 3.94224
0.839 3.67028 3.94995
0.84 3.66475 3.95767
0.841 3.65922 3.9654
0.842 3.6537 3.97313
0.843 3.6482 3.98086
0.844 3.6427 3.9886
0.845 3.63721 3.99635
0.846 3.63173 4.00409
0.847 3.62626 4.01184
0.848 3.6208 4.0196
0.849 3.61535 4.02736
0.85 3.60991 4.03513
0.851 3.60447 4.04289
0.852 3.59905 4.05067
0.853 3.59363 4.05845
0.854 3.58823 4.06623
0.855 3.58283 4.07401
0.856 3.57744 4.0818
0.857 3.57206 4.0896
0.858 3.56669 4.0974
0.859 3.56133 4.1052
0.86 3.55598 4.11301
0.861 3.55063 4.12082
0.862 3.5453 4.12864
0.863 3.53997 4.13646
0.864 3.53465 4.14428
0.865 3.52935 4.15211
0.866 3.52405 4.15994
0.867 3.51876 4.16778
0.868 3.51348 4.17562
0.869 3.5082 4.18347
0.87 3.50294 4.19132
0.871 3.49768 4.19917
0.872 3.49244 4.20703
0.873 3.4872 4.21489
0.874 3.48197 4.22276
0.875 3.47675 4.23063
0.876 3.47154 4.23851
0.877 3.46634 4.24639
0.878 3.46114 4.25427
0.879 3.45596 4.26216
0.88 3.45078 4.27005
0.881 3.44561 4.27795
0.882 3.44045 4.28585
0.883 3.4353 4.29375
0.884 3.43016 4.30166
0.885 3.42502 4.30957
0.886 3.4199 4.31749
0.887 3.41478 4.32541
0.888 3.40967 4.33333
0.889 3.40457 4.34126
0.89 3.39948 4.34919
0.891 3.3944 4.35713
0.892 3.38932 4.36507
0.893 3.38426 4.37302
0.894 3.3792 4.38097
0.895 3.37415 4.38892
0.896 3.36911 4.39688
0.897 3.36408 4.40484
0.898 3.35905 4.4128
0.899 3.35404 4.42077
0.9 3.34903 4.42874
0.901 3.34403 4.43672
0.902 3.33904 4.4447
0.903 3.33406 4.45269
0.904 3.32908 4.46068
0.905 3.32412 4.46867
0.906 3.31916 4.47667
0.907 3.31421 4.48467
0.908 3.30927 4.49268
0.909 3.30433 4.50069
0.91 3.29941 4.5087
0.911 3.29449 4.51672
0.912 3.28958 4.52474
0.913 3.28468 4.53276
0.914 3.27979 4.54079
0.915 3.27491 4.54882
0.916 3.27003 4.55686
0.917 3.26516 4.5649
0.918 3.2603 4.57295
0.919 3.25545 4.58099
0.92 3.25061 4.58905
0.921 3.24577 4.5971
0.922 3.24094 4.60516
0.923 3.23612 4.61323
0.924 3.23131 4.6213
0.925 3.22651 4.62937
0.926 3.22171 4.63744
0.927 3.21692 4.64552
0.928 3.21214 4.65361
0.929 3.20737 4.6617
0.93 3.2026 4.66979
0.931 3.19785 4.67788
0.932 3.1931 4.68598
0.933 3.18836 4.69408
0.934 3.18362 4.70219
0.935 3.1789 4.7103
0.936 3.17418 4.71841
0.937 3.16947 4.72653
0.938 3.16477 4.73465
0.939 3.16008 4.74278
0.94 3.15539 4.75091
0.941 3.15071 4.75904
0.942 3.14604 4.76718
0.943 3.14138 4.77532
0.944 3.13672 4.78346
0.945 3.13207 4.79161
0.946 3.12743 4.79977
0.947 3.1228 4.80792
0.948 3.11818 4.81608
0.949 3.11356 4.82424
0.95 3.10895 4.83241
0.951 3.10435 4.84058
0.952 3.09975 4.84876
0.953 3.09517 4.85693
0.954 3.09059 4.86512
0.955 3.08601 4.8733
0.956 3.08145 4.88149
0.957 3.07689 4.88968
0.958 3.07234 4.89788
0.959 3.0678 4.90608
0.96 3.06327 4.91429
0.961 3.05874 4.92249
0.962 3.05422 4.9307
0.963 3.04971 4.93892
0.964 3.04521 4.94714
0.965 3.04071 4.95536
0.966 3.03622 4.96359
0.967 3.03174 4.97182
0.968 3.02726 4.98005
0.969 3.02279 4.98829
0.97 3.01833 4.99653
0.971 3.01388 5.00477
0.972 3.00944 5.01302
0.973 3.005 5.02127
0.974 3.00057 5.02953
0.975 2.99614 5.03778
0.976 2.99173 5.04605
0.977 2.98732 5.05431
0.978 2.98292 5.06258
0.979 2.97852 5.07085
0.98 2.97413 5.07913
0.981 2.96975 5.08741
0.982 2.96538 5.09569
0.983 2.96101 5.10398
0.984 2.95666 5.11227
0.985 2.9523 5.12057
0.986 2.94796 5.12886
0.987 2.94362 5.13717
0.988 2.93929 5.14547
0.989 2.93497 5.15378
0.99 2.93065 5.16209
0.991 2.92634 5.17041
0.992 2.92204 5.17873
0.993 2.91775 5.18705
0.994 2.91346 5.19537
0.995 2.90918 5.2037
0.996 2.90491 5.21204
0.997 2.90064 5.22037
0.998 2.89638 5.22871
0.999 2.89213 5.23706
1 2.88788 5.2454
1.001 2.88364 5.25375
1.002 2.87941 5.26211
1.003 2.87518 5.27046
1.004 2.87097 5.27883
1.005 2.86676 5.28719
1.006 2.86255 5.29556
1.007 2.85835 5.30393
1.008 2.85416 5.3123
1.009 2.84998 5.32068
1.01 2.8458 5.32906
1.011 2.84163 5.33745
1.012 2.83747 5.34583
1.013 2.83331 5.35423
1.014 2.82916 5.36262
1.015 2.82502 5.37102
1.016 2.82088 5.37942
1.017 2.81676 5.38783
1.018 2.81263 5.39623
1.019 2.80852 5.40465
1.02 2.80441 5.41306
1.021 2.80031 5.42148
1.022 2.79621 5.4299
1.023 2.79212 5.43833
1.024 2.78804 5.44676
1.025 2.78396 5.45519
1.026 2.77989 5.46362
1.027 2.77583 5.47206
1.028 2.77178 5.4805
1.029 2.76773 5.48895
1.03 2.76368 5.4974
1.031 2.75965 5.50585
1.032 2.75562 5.5143
1.033 2.7516 5.52276
1.034 2.74758 5.53122
1.035 2.74357 5.53969
1.036 2.73957 5.54816
1.037 2.73557 5.55663
1.038 2.73158 5.5651
1.039 2.7276 5.57358
1.04 2.72362 5.58206
1.041 2.71965 5.59055
1.042 2.71568 5.59904
1.043 2.71173 5.60753
1.044 2.70778 5.61602
1.045 2.70383 5.62452
1.046 2.69989 5.63302
1.047 2.69596 5.64153
1.048 2.69203 5.65003
1.049 2.68811 5.65854
1.05 2.6842 5.66706
1.051 2.6803 5.67558
1.052 2.67639 5.6841
1.053 2.6725 5.69262
1.054 2.66861 5.70115
1.055 2.66473 5.70968
1.056 2.66086 5.71821
1.057 2.65699 5.72675
1.058 2.65313 5.73529
1.059 2.64927 5.74383
1.06 2.64542 5.75237
1.061 2.64158 5.76092
1.062 2.63774 5.76948
1.063 2.63391 5.77803
1.064 2.63008 5.78659
1.065 2.62626 5.79515
1.066 2.62245 5.80372
1.067 2.61865 5.81228
1.068 2.61485 5.82086
1.069 2.61105 5.82943
1.07 2.60726 5.83801
1.071 2.60348 5.84659
1.072 2.59971 5.85517
1.073 2.59594 5.86376
1.074 2.59217 5.87235
1.075 2.58842 5.88094
1.076 2.58467 5.88954
1.077 2.58092 5.89814
1.078 2.57718 5.90674
1.079 2.57345 5.91534
1.08 2.56972 5.92395
1.081 2.566 5.93256
1.082 2.56229 5.94118
1.083 2.55858 5.9498
1.084 2.55487 5.95842
1.085 2.55118 5.96704
1.086 2.54749 5.97567
1.087 2.5438 5.9843
1.088 2.54012 5.99293
1.089 2.53645 6.00157
1.09 2.53278 6.01021
1.091 2.52912 6.01885
1.092 2.52547 6.02749
1.093 2.52182 6.03614
1.094 2.51817 6.04479
1.095 2.51454 6.05345
1.096 2.5109 6.06211
1.097 2.50728 6.07077
1.098 2.50366 6.07943
1.099 2.50004 6.0881
1.1 2.49644 6.09676
1.101 2.49283 6.10544
1.102 2.48924 6.11411
1.103 2.48565 6.12279
1.104 2.48206 6.13147
1.105 2.47848 6.14016
1.106 2.47491 6.14884
1.107 2.47134 6.15753
1.108 2.46778 6.16623
1.109 2.46422 6.17492
1.11 2.46067 6.18362
1.111 2.45713 6.19232
1.112 2.45359 6.20103
1.113 2.45005 6.20974
1.114 2.44653 6.21845
1.115 2.44301 6.22716
1.116 2.43949 6.23588
1.117 2.43598 6.2446
1.118 2.43247 6.25332
1.119 2.42897 6.26205
1.12 2.42548 6.27077
1.121 2.42199 6.27951
1.122 2.41851 6.28824
1.123 2.41503 6.29698
1.124 2.41156 6.30572
1.125 2.4081 6.31446
1.126 2.40464 6.32321
1.127 2.40118 6.33195
1.128 2.39773 6.34071
1.129 2.39429 6.34946
1.13 2.39085 6.35822
1.131 2.38742 6.36698
1.132 2.38399 6.37574
1.133 2.38057 6.38451
1.134 2.37715 6.39328
1.135 2.37374 6.40205
1.136 2.37034 6.41082
1.137 2.36694 6.4196
1.138 2.36354 6.42838
1.139 2.36016 6.43716
1.14 2.35677 6.44595
1.141 2.3534 6.45474
1.142 2.35002 6.46353
1.143 2.34666 6.47232
1.144 2.34329 6.48112
1.145 2.33994 6.48992
1.146 2.33659 6.49872
1.147 2.33324 6.50753
1.148 2.3299 6.51634
1.149 2.32657 6.52515
1.15 2.32324 6.53396
1.151 2.31991 6.54278
1.152 2.3166 6.5516
1.153 2.31328 6.56042
1.154 2.30997 6.56924
1.155 2.30667 6.57807
1.156 2.30337 6.5869
1.157 2.30008 6.59574
1.158 2.2968 6.60457
1.159 2.29351 6.61341
1.16 2.29024 6.62225
1.161 2.28697 6.6311
1.162 2.2837 6.63994
1.163 2.28044 6.64879
1.164 2.27718 6.65765
1.165 2.27393 6.6665
1.166 2.27069 6.67536
1.167 2.26745 6.68422
1.168 2.26421 6.69308
1.169 2.26098 6.70195
1.17 2.25776 6.71082
1.171 2.25454 6.71969
1.172 2.25133 6.72856
1.173 2.24812 6.73744
1.174 2.24491 6.74632
1.175 2.24172 6.7552
1.176 2.23852 6.76409
1.177 2.23533 6.77298
1.178 2.23215 6.78187
1.179 2.22897 6.79076
1.18 2.2258 6.79965
1.181 2.22263 6.80855
1.182 2.21947 6.81745
1.183 2.21631 6.82636
1.184 2.21316 6.83526
1.185 2.21001 6.84417
1.186 2.20686 6.85308
1.187 2.20373 6.862
1.188 2.20059 6.87092
1.189 2.19747 6.87984
1.19 2.19434 6.88876
1.191 2.19122 6.89768
1.192 2.18811 6.90661
1.193 2.185 6.91554
1.194 2.1819 6.92447
1.195 2.1788 6.93341
1.196 2.17571 6.94235
1.197 2.17262 6.95129
1.198 2.16954 6.96023
1.199 2.16646 6.96918
1.2 2.16338 6.97812
1.201 2.16031 6.98708
1.202 2.15725 6.99603
1.203 2.15419 7.00499
1.204 2.15114 7.01394
1.205 2.14809 7.02291
1.206 2.14504 7.03187
1.207 2.142 7.04084
1.208 2.13897 7.04981
1.209 2.13594 7.05878
1.21 2.13291 7.06775
1.211 2.12989 7.07673
1.212 2.12688 7.08571
1.213 2.12387 7.09469
1.214 2.12086 7.10367
1.215 2.11786 7.11266
1.216 2.11486 7.12165
1.217 2.11187 7.13064
1.218 2.10888 7.13964
1.219 2.1059 7.14863
1.22 2.10292 7.15763
1.221 2.09995 7.16664
1.222 2.09698 7.17564
1.223 2.09402 7.18465
1.224 2.09106 7.19366
1.225 2.08811 7.20267
1.226 2.08516 7.21168
1.227 2.08221 7.2207
1.228 2.07927 7.22972
1.229 2.07634 7.23874
1.23 2.07341 7.24777
1.231 2.07048 7.25679
1.232 2.06756 7.26582
1.233 2.06464 7.27486
1.234 2.06173 7.28389
1.235 2.05882 7.29293
1.236 2.05592 7.30197
1.237 2.05302 7.31101
1.238 2.05013 7.32005
1.239 2.04724 7.3291
1.24 2.04435 7.33815
1.241 2.04147 7.3472
1.242 2.0386 7.35626
1.243 2.03573 7.36531
1.244 2.03286 7.37437
1.245 2.03 7.38343
1.246 2.02714 7.3925
1.247 2.02429 7.40156
1.248 2.02144 7.41063
1.249 2.01859 7.41971
1.25 2.01575 7.42878
1.251 2.01292 7.43786
1.252 2.01009 7.44693
1.253 2.00726 7.45601
1.254 2.00444 7.4651
1.255 2.00162 7.47418
1.256 1.99881 7.48327
1.257 1.996 7.49236
1.258 1.9932 7.50146
1.259 1.9904 7.51055
1.26 1.9876 7.51965
1.261 1.98481 7.52875
1.262 1.98203 7.53785
1.263 1.97925 7.54696
1.264 1.97647 7.55606
1.265 1.9737 7.56517
1.266 1.97093 7.57429
1.267 1.96816 7.5834
1.268 1.9654 7.59252
1.269 1.96265 7.60164
1.27 1.9599 7.61076
1.271 1.95715 7.61988
1.272 1.95441 7.62901
1.273 1.95167 7.63814
1.274 1.94893 7.64727
1.275 1.9462 7.6564
1.276 1.94348 7.66554
1.277 1.94076 7.67467
1.278 1.93804 7.68381
1.279 1.93533 7.69296
1.28 1.93262 7.7021
1.281 1.92991 7.71125
1.282 1.92721 7.7204
1.283 1.92452 7.72955
1.284 1.92183 7.7387
1.285 1.91914 7.74786
1.286 1.91646 7.75702
1.287 1.91378 7.76618
1.288 1.9111 7.77534
1.289 1.90843 7.78451
1.29 1.90577 7.79368
1.291 1.90311 7.80285
1.292 1.90045 7.81202
1.293 1.89779 7.82119
1.294 1.89514 7.83037
1.295 1.8925 7.83955
1.296 1.88986 7.84873
1.297 1.88722 7.85791
1.298 1.88459 7.8671
1.299 1.88196 7.87629
1.3 1.87933 7.88548
1.301 1.87671 7.89467
1.302 1.8741 7.90387
1.303 1.87148 7.91306
1.304 1.86888 7.92226
1.305 1.86627 7.93147
1.306 1.86367 7.94067
1.307 1.86108 7.94988
1.308 1.85848 7.95909
1.309 1.8559 7.9683
1.31 1.85331 7.97751
1.311 1.85073 7.98672
1.312 1.84816 7.99594
1.313 1.84558 8.00516
1.314 1.84302 8.01438
1.315 1.84045 8.02361
1.316 1.83789 8.03283
1.317 1.83534 8.04206
1.318 1.83278 8.05129
1.319 1.83024 8.06053
1.32 1.82769 8.06976
1.321 1.82515 8.079
1.322 1.82262 8.08824
1.323 1.82009 8.09748
1.324 1.81756 8.10672
1.325 1.81503 8.11597
1.326 1.81251 8.12522
1.327 1.81 8.13447
1.328 1.80748 8.14372
1.329 1.80498 8.15297
1.33 1.80247 8.16223
1.331 1.79997 8.17149
1.332 1.79747 8.18075
1.333 1.79498 8.19001
1.334 1.79249 8.19928
1.335 1.79001 8.20855
1.336 1.78753 8.21782
1.337 1.78505 8.22709
1.338 1.78258 8.23636
1.339 1.78011 8.24564
1.34 1.77764 8.25492
1.341 1.77518 8.2642
1.342 1.77272 8.27348
1.343 1.77027 8.28277
1.344 1.76782 8.29205
1.345 1.76537 8.30134
1.346 1.76293 8.31063
1.347 1.76049 8.31993
1.348 1.75805 8.32922
1.349 1.75562 8.33852
1.35 1.75319 8.34782
1.351 1.75077 8.35712
1.352 1.74835 8.36642
1.353 1.74593 8.37573
1.354 1.74352 8.38504
1.355 1.74111 8.39435
1.356 1.73871 8.40366
1.357 1.7363 8.41297
1.358 1.73391 8.42229
1.359 1.73151 8.43161
1.36 1.72912 8.44093
1.361 1.72674 8.45025
1.362 1.72435 8.45958
1.363 1.72197 8.4689
1.364 1.7196 8.47823
1.365 1.71723 8.48756
1.366 1.71486 8.49689
1.367 1.71249 8.50623
1.368 1.71013 8.51557
1.369 1.70778 8.5249
1.37 1.70542 8.53425
1.371 1.70307 8.54359
1.372 1.70073 8.55293
1.373 1.69838 8.56228
1.374 1.69605 8.57163
1.375 1.69371 8.58098
1.376 1.69138 8.59033
1.377 1.68905 8.59969
1.378 1.68673 8.60905
1.379 1.6844 8.61841
1.38 1.68209 8.62777
1.381 1.67977 8.63713
1.382 1.67746 8.6465
1.383 1.67516 8.65586
1.384 1.67285 8.66523
1.385 1.67055 8.67461
1.386 1.66826 8.68398
1.387 1.66597 8.69335
1.388 1.66368 8.70273
1.389 1.66139 8.71211
1.39 1.65911 8.72149
1.391 1.65683 8.73088
1.392 1.65456 8.74026
1.393 1.65229 8.74965
1.394 1.65002 8.75904
1.395 1.64775 8.76843
1.396 1.64549 8.77782
1.397 1.64324 8.78722
1.398 1.64098 8.79661
1.399 1.63873 8.80601
1.4 1.63649 8.81542
1.401 1.63424 8.82482
1.402 1.632 8.83422
1.403 1.62977 8.84363
1.404 1.62753 8.85304
1.405 1.6253 8.86245
1.406 1.62308 8.87186
1.407 1.62085 8.88128
1.408 1.61864 8.89069
1.409 1.61642 8.90011
1.41 1.61421 8.90953
1.411 1.612 8.91896
1.412 1.60979 8.92838
1.413 1.60759 8.93781
1.414 1.60539 8.94724
1.415 1.6032 8.95667
1.416 1.601 8.9661
1.417 1.59882 8.97553
1.418 1.59663 8.98497
1.419 1.59445 8.99441
1.42 1.59227 9.00385
1.421 1.59009 9.01329
1.422 1.58792 9.02273
1.423 1.58575 9.03218
1.424 1.58359 9.04163
1.425 1.58143 9.05108
1.426 1.57927 9.06053
1.427 1.57711 9.06998
1.428 1.57496 9.07943
1.429 1.57281 9.08889
1.43 1.57067 9.09835
1.431 1.56852 9.10781
1.432 1.56638 9.11727
1.433 1.56425 9.12674
1.434 1.56212 9.13621
1.435 1.55999 9.14567
1.436 1.55786 9.15514
1.437 1.55574 9.16462
1.438 1.55362 9.17409
1.439 1.5515 9.18357
1.44 1.54939 9.19304
1.441 1.54728 9.20252
1.442 1.54517 9.212
1.443 1.54307 9.22149
1.444 1.54097 9.23097
1.445 1.53888 9.24046
1.446 1.53678 9.24995
1.447 1.53469 9.25944
1.448 1.5326 9.26893
1.449 1.53052 9.27843
1.45 1.52844 9.28792
1.451 1.52636 9.29742
1.452 1.52429 9.30692
1.453 1.52222 9.31642
1.454 1.52015 9.32592
1.455 1.51808 9.33543
1.456 1.51602 9.34494
1.457 1.51396 9.35444
1.458 1.51191 9.36396
1.459 1.50986 9.37347
1.46 1.50781 9.38298
1.461 1.50576 9.3925
1.462 1.50372 9.40202
1.463 1.50168 9.41154
1.464 1.49964 9.42106
1.465 1.49761 9.43058
1.466 1.49558 9.44011
1.467 1.49355 9.44963
1.468 1.49153 9.45916
1.469 1.4895 9.46869
1.47 1.48749 9.47822
1.471 1.48547 9.48776
1.472 1.48346 9.49729
1.473 1.48145 9.50683
1.474 1.47944 9.51637
1.475 1.47744 9.52591
1.476 1.47544 9.53546
1.477 1.47345 9.545
1.478 1.47145 9.55455
1.479 1.46946 9.5641
1.48 1.46747 9.57365
1.481 1.46549 9.5832
1.482 1.46351 9.59275
1.483 1.46153 9.60231
1.484 1.45955 9.61186
1.485 1.45758 9.62142
1.486 1.45561 9.63098
1.487 1.45365 9.64054
1.488 1.45168 9.65011
1.489 1.44972 9.65967
1.49 1.44776 9.66924
1.491 1.44581 9.67881
1.492 1.44386 9.68838
1.493 1.44191 9.69795
1.494 1.43996 9.70753
1.495 1.43802 9.71711
1.496 1.43608 9.72668
1.497 1.43414 9.73626
1.498 1.43221 9.74584
1.499 1.43028 9.75543
1.5 1.42835 9.76501
1.501 1.42642 9.7746
1.502 1.4245 9.78419
1.503 1.42258 9.79378
1.504 1.42067 9.80337
1.505 1.41875 9.81296
1.506 1.41684 9.82256
1.507 1.41494 9.83215
1.508 1.41303 9.84175
1.509 1.41113 9.85135
1.51 1.40923 9.86095
1.511 1.40733 9.87056
1.512 1.40544 9.88016
1.513 1.40355 9.88977
1.514 1.40166 9.89938
1.515 1.39978 9.90899
1.516 1.3979 9.9186
1.517 1.39602 9.92821
1.518 1.39414 9.93783
1.519 1.39227 9.94745
1.52 1.3904 9.95706
1.521 1.38853 9.96668
1.522 1.38666 9.97631
1.523 1.3848 9.98593
1.524 1.38294 9.99556
1.525 1.38109 10.0052
1.526 1.37923 10.0148
1.527 1.37738 10.0244
1.528 1.37553 10.0341
1.529 1.37369 10.0437
1.53 1.37185 10.0533
1.531 1.37001 10.063
1.532 1.36817 10.0726
1.533 1.36633 10.0823
1.534 1.3645 10.0919
1.535 1.36267 10.1015
1.536 1.36085 10.1112
1.537 1.35903 10.1208
1.538 1.3572 10.1305
1.539 1.35539 10.1401
1.54 1.35357 10.1498
1.541 1.35176 10.1594
1.542 1.34995 10.1691
1.543 1.34814 10.1787
1.544 1.34634 10.1884
1.545 1.34454 10.1981
1.546 1.34274 10.2077
1.547 1.34094 10.2174
1.548 1.33915 10.2271
1.549 1.33736 10.2367
1.55 1.33557 10.2464
1.551 1.33379 10.2561
1.552 1.33201 10.2657
1.553 1.33023 10.2754
1.554 1.32845 10.2851
1.555 1.32667 10.2947
1.556 1.3249 10.3044
1.557 1.32313 10.3141
1.558 1.32137 10.3238
1.559 1.3196 10.3335
1.56 1.31784 10.3432
1.561 1.31608 10.3528
1.562 1.31433 10.3625
1.563 1.31257 10.3722
1.564 1.31082 10.3819
1.565 1.30908 10.3916
1.566 1.30733 10.4013
1.567 1.30559 10.411
1.568 1.30385 10.4207
1.569 1.30211 10.4304
1.57 1.30038 10.4401
1.571 1.29864 10.4498
1.572 1.29691 10.4595
1.573 1.29519 10.4692
1.574 1.29346 10.4789
1.575 1.29174 10.4886
1.576 1.29002 10.4983
1.577 1.2883 10.508
1.578 1.28659 10.5177
1.579 1.28488 10.5274
1.58 1.28317 10.5372
1.581 1.28146 10.5469
1.582 1.27976 10.5566
1.583 1.27806 10.5663
1.584 1.27636 10.576
1.585 1.27466 10.5857
1.586 1.27297 10.5955
1.587 1.27128 10.6052
1.588 1.26959 10.6149
1.589 1.2679 10.6247
1.59 1.26622 10.6344
1.591 1.26454 10.6441
1.592 1.26286 10.6538
1.593 1.26118 10.6636
1.594 1.25951 10.6733
1.595 1.25784 10.6831
1.596 1.25617 10.6928
1.597 1.2545 10.7025
1.598 1.25284 10.7123
1.599 1.25118 10.722
1.6 1.24952 10.7318
1.601 1.24786 10.7415
1.602 1.24621 10.7513
1.603 1.24456 10.761
1.604 1.24291 10.7708
1.605 1.24126 10.7805
1.606 1.23962 10.7903
1.607 1.23798 10.8
1.608 1.23634 10.8098
1.609 1.2347 10.8195
1.61 1.23307 10.8293
1.611 1.23144 10.8391
1.612 1.22981 10.8488
1.613 1.22818 10.8586
1.614 1.22656 10.8684
1.615 1.22493 10.8781
1.616 1.22331 10.8879
1.617 1.2217 10.8977
1.618 1.22008 10.9074
1.619 1.21847 10.9172
1.62 1.21686 10.927
1.621 1.21525 10.9368
1.622 1.21365 10.9465
1.623 1.21204 10.9563
1.624 1.21044 10.9661
1.625 1.20885 10.9759
1.626 1.20725 10.9857
1.627 1.20566 10.9954
1.628 1.20407 11.0052
1.629 1.20248 11.015
1.63 1.20089 11.0248
1.631 1.19931 11.0346
1.632 1.19773 11.0444
1.633 1.19615 11.0542
1.634 1.19457 11.064
1.635 1.193 11.0738
1.636 1.19142 11.0836
1.637 1.18985 11.0934
1.638 1.18829 11.1032
1.639 1.18672 11.113
1.64 1.18516 11.1228
1.641 1.1836 11.1326
1.642 1.18204 11.1424
1.643 1.18048 11.1522
1.644 1.17893 11.162
1.645 1.17738 11.1718
1.646 1.17583 11.1816
1.647 1.17428 11.1915
1.648 1.17274 11.2013
1.649 1.17119 11.2111
1.65 1.16966 11.2209
1.651 1.16812 11.2307
1.652 1.16658 11.2405
1.653 1.16505 11.2504
1.654 1.16352 11.2602
1.655 1.16199 11.27
1.656 1.16046 11.2798
1.657 1.15894 11.2897
1.658 1.15742 11.2995
1.659 1.1559 11.3093
1.66 1.15438 11.3192
1.661 1.15287 11.329
1.662 1.15135 11.3388
1.663 1.14984 11.3487
1.664 1.14833 11.3585
1.665 1.14683 11.3683
1.666 1.14532 11.3782
1.667 1.14382 11.388
1.668 1.14232 11.3979
1.669 1.14082 11.4077
1.67 1.13933 11.4175
1.671 1.13784 11.4274
1.672 1.13635 11.4372
1.673 1.13486 11.4471
1.674 1.13337 11.4569
1.675 1.13189 11.4668
1.676 1.13041 11.4766
1.677 1.12893 11.4865
1.678 1.12745 11.4964
1.679 1.12597 11.5062
1.68 1.1245 11.5161
1.681 1.12303 11.5259
1.682 1.12156 11.5358
1.683 1.12009 11.5457
1.684 1.11863 11.5555
1.685 1.11717 11.5654
1.686 1.11571 11.5753
1.687 1.11425 11.5851
1.688 1.11279 11.595
1.689 1.11134 11.6049
1.69 1.10989 11.6147
1.691 1.10844 11.6246
1.692 1.10699 11.6345
1.693 1.10554 11.6444
1.694 1.1041 11.6542
1.695 1.10266 11.6641
1.696 1.10122 11.674
1.697 1.09978 11.6839
1.698 1.09835 11.6938
1.699 1.09692 11.7037
1.7 1.09549 11.7135
1.701 1.09406 11.7234
1.702 1.09263 11.7333
1.703 1.09121 11.7432
1.704 1.08978 11.7531
1.705 1.08836 11.763
1.706 1.08695 11.7729
1.707 1.08553 11.7828
1.708 1.08412 11.7927
1.709 1.0827 11.8026
1.71 1.0813 11.8125
1.711 1.07989 11.8224
1.712 1.07848 11.8323
1.713 1.07708 11.8422
1.714 1.07568 11.8521
1.715 1.07428 11.862
1.716 1.07288 11.8719
1.717 1.07148 11.8818
1.718 1.07009 11.8917
1.719 1.0687 11.9016
1.72 1.06731 11.9115
1.721 1.06592 11.9214
1.722 1.06454 11.9314
1.723 1.06316 11.9413
1.724 1.06177 11.9512
1.725 1.0604 11.9611
1.726 1.05902 11.971
1.727 1.05764 11.9809
1.728 1.05627 11.9909
1.729 1.0549 12.0008
1.73 1.05353 12.0107
1.731 1.05216 12.0206
1.732 1.0508 12.0306
1.733 1.04943 12.0405
1.734 1.04807 12.0504
1.735 1.04671 12.0604
1.736 1.04536 12.0703
1.737 1.044 12.0802
1.738 1.04265 12.0902
1.739 1.0413 12.1001
1.74 1.03995 12.11
1.741 1.0386 12.12
1.742 1.03726 12.1299
1.743 1.03591 12.1398
1.744 1.03457 12.1498
1.745 1.03323 12.1597
1.746 1.03189 12.1697
1.747 1.03056 12.1796
1.748 1.02922 12.1896
1.749 1.02789 12.1995
1.75 1.02656 12.2095
1.751 1.02524 12.2194
1.752 1.02391 12.2294
1.753 1.02259 12.2393
1.754 1.02126 12.2493
1.755 1.01994 12.2592
1.756 1.01863 12.2692
1.757 1.01731 12.2791
1.758 1.01599 12.2891
1.759 1.01468 12.2991
1.76 1.01337 12.309
1.761 1.01206 12.319
1.762 1.01076 12.3289
1.763 1.00945 12.3389
1.764 1.00815 12.3489
1.765 1.00685 12.3588
1.766 1.00555 12.3688
1.767 1.00425 12.3788
1.768 1.00296 12.3888
1.769 1.00166 12.3987
1.77 1.00037 12.4087
1.771 0.99908 12.4187
1.772 0.997793 12.4287
1.773 0.996506 12.4386
1.774 0.995222 12.4486
1.775 0.99394 12.4586
1.776 0.992659 12.4686
1.777 0.991381 12.4786
1.778 0.990104 12.4885
1.779 0.988829 12.4985
1.78 0.987556 12.5085
1.781 0.986285 12.5185
1.782 0.985015 12.5285
1.783 0.983748 12.5385
1.784 0.982482 12.5485
1.785 0.981218 12.5585
1.786 0.979956 12.5684
1.787 0.978696 12.5784
1.788 0.977437 12.5884
1.789 0.976181 12.5984
1.79 0.974926 12.6084
1.791 0.973673 12.6184
1.792 0.972422 12.6284
1.793 0.971172 12.6384
1.794 0.969925 12.6484
1.795 0.968679 12.6584
1.796 0.967435 12.6684
1.797 0.966193 12.6784
1.798 0.964952 12.6884
1.799 0.963714 12.6985
1.8 0.962477 12.7085
1.801 0.961242 12.7185
1.802 0.960009 12.7285
1.803 0.958777 12.7385
1.804 0.957547 12.7485
1.805 0.956319 12.7585
1.806 0.955093 12.7685
1.807 0.953869 12.7786
1.808 0.952646 12.7886
1.809 0.951425 12.7986
1.81 0.950206 12.8086
1.811 0.948989 12.8186
1.812 0.947773 12.8287
1.813 0.946559 12.8387
1.814 0.945347 12.8487
1.815 0.944137 12.8587
1.816 0.942928 12.8688
1.817 0.941721 12.8788
1.818 0.940516 12.8888
1.819 0.939313 12.8989
1.82 0.938111 12.9089
1.821 0.936911 12.9189
1.822 0.935713 12.929
1.823 0.934516 12.939
1.824 0.933321 12.949
1.825 0.932128 12.9591
1.826 0.930937 12.9691
1.827 0.929747 12.9791
1.828 0.928559 12.9892
1.829 0.927373 12.9992
1.83 0.926188 13.0093
1.831 0.925006 13.0193
1.832 0.923824 13.0294
1.833 0.922645 13.0394
1.834 0.921467 13.0494
1.835 0.920291 13.0595
1.836 0.919117 13.0695
1.837 0.917944 13.0796
1.838 0.916773 13.0896
1.839 0.915603 13.0997
1.84 0.914436 13.1098
1.841 0.91327 13.1198
1.842 0.912105 13.1299
1.843 0.910943 13.1399
1.844 0.909782 13.15
1.845 0.908622 13.16
1.846 0.907464 13.1701
1.847 0.906308 13.1802
1.848 0.905154 13.1902
1.849 0.904001 13.2003
1.85 0.90285 13.2104
1.851 0.901701 13.2204
1.852 0.900553 13.2305
1.853 0.899407 13.2406
1.854 0.898262 13.2506
1.855 0.897119 13.2607
1.856 0.895978 13.2708
1.857 0.894838 13.2808
1.858 0.8937 13.2909
1.859 0.892564 13.301
1.86 0.891429 13.3111
1.861 0.890296 13.3211
1.862 0.889164 13.3312
1.863 0.888035 13.3413
1.864 0.886906 13.3514
1.865 0.885779 13.3615
1.866 0.884654 13.3715
1.867 0.883531 13.3816
1.868 0.882409 13.3917
1.869 0.881289 13.4018
1.87 0.88017 13.4119
1.871 0.879053 13.422
1.872 0.877937 13.4321
1.873 0.876823 13.4421
1.874 0.875711 13.4522
1.875 0.8746 13.4623
1.876 0.873491 13.4724
1.877 0.872384 13.4825
1.878 0.871278 13.4926
1.879 0.870173 13.5027
1.88 0.86907 13.5128
1.881 0.867969 13.5229
1.882 0.866869 13.533
1.883 0.865771 13.5431
1.884 0.864674 13.5532
1.885 0.863579 13.5633
1.886 0.862486 13.5734
1.887 0.861394 13.5835
1.888 0.860303 13.5936
1.889 0.859215 13.6037
1.89 0.858127 13.6138
1.891 0.857042 13.6239
1.892 0.855957 13.634
1.893 0.854875 13.6442
1.894 0.853793 13.6543
1.895 0.852714 13.6644
1.896 0.851636 13.6745
1.897 0.850559 13.6846
1.898 0.849484 13.6947
1.899 0.848411 13.7048
1.9 0.847339 13.715
1.901 0.846268 13.7251
1.902 0.845199 13.7352
1.903 0.844132 13.7453
1.904 0.843066 13.7554
1.905 0.842002 13.7656
1.906 0.840939 13.7757
1.907 0.839877 13.7858
1.908 0.838817 13.7959
1.909 0.837759 13.8061
1.91 0.836702 13.8162
1.911 0.835647 13.8263
1.912 0.834593 13.8364
1.913 0.83354 13.8466
1.914 0.832489 13.8567
1.915 0.83144 13.8668
1.916 0.830392 13.877
1.917 0.829345 13.8871
1.918 0.8283 13.8972
1.919 0.827257 13.9074
1.92 0.826215 13.9175
1.921 0.825174 13.9277
1.922 0.824135 13.9378
1.923 0.823097 13.9479
1.924 0.822061 13.9581
1.925 0.821027 13.9682
1.926 0.819993 13.9784
1.927 0.818961 13.9885
1.928 0.817931 13.9987
1.929 0.816902 14.0088
1.93 0.815875 14.0189
1.931 0.814849 14.0291
1.932 0.813824 14.0392
1.933 0.812801 14.0494
1.934 0.811779 14.0595
1.935 0.810759 14.0697
1.936 0.80974 14.0798
1.937 0.808723 14.09
1.938 0.807707 14.1002
1.939 0.806693 14.1103
1.94 0.80568 14.1205
1.941 0.804668 14.1306
1.942 0.803658 14.1408
1.943 0.802649 14.1509
1.944 0.801642 14.1611
1.945 0.800636 14.1713
1.946 0.799631 14.1814
1.947 0.798628 14.1916
1.948 0.797626 14.2018
1.949 0.796626 14.2119
1.95 0.795627 14.2221
1.951 0.794629 14.2323
1.952 0.793633 14.2424
1.953 0.792639 14.2526
1.954 0.791645 14.2628
1.955 0.790653 14.2729
1.956 0.789663 14.2831
1.957 0.788674 14.2933
1.958 0.787686 14.3035
1.959 0.7867 14.3136
1.96 0.785715 14.3238
1.961 0.784731 14.334
1.962 0.783749 14.3442
1.963 0.782768 14.3543
1.964 0.781789 14.3645
1.965 0.78081 14.3747
1.966 0.779834 14.3849
1.967 0.778858 14.3951
1.968 0.777884 14.4053
1.969 0.776912 14.4154
1.97 0.775941 14.4256
1.971 0.774971 14.4358
1.972 0.774002 14.446
1.973 0.773035 14.4562
1.974 0.772069 14.4664
1.975 0.771105 14.4766
1.976 0.770141 14.4868
1.977 0.76918 14.497
1.978 0.768219 14.5071
1.979 0.76726 14.5173
1.98 0.766302 14.5275
1.981 0.765346 14.5377
1.982 0.764391 14.5479
1.983 0.763437 14.5581
1.984 0.762485 14.5683
1.985 0.761534 14.5785
1.986 0.760584 14.5887
1.987 0.759635 14.5989
1.988 0.758688 14.6091
1.989 0.757743 14.6193
1.99 0.756798 14.6295
1.991 0.755855 14.6397
1.992 0.754913 14.6499
1.993 0.753973 14.6602
1.994 0.753033 14.6704
1.995 0.752096 14.6806
1.996 0.751159 14.6908
1.997 0.750224 14.701
1.998 0.74929 14.7112
1.999 0.748357 14.7214
2 0.747426 14.7316
2.001 0.746496 14.7418
2.002 0.745567 14.7521
2.003 0.744639 14.7623
2.004 0.743713 14.7725
2.005 0.742788 14.7827
2.006 0.741865 14.7929
2.007 0.740942 14.8031
2.008 0.740021 14.8134
2.009 0.739101 14.8236
2.01 0.738183 14.8338
2.011 0.737266 14.844
2.012 0.73635 14.8542
2.013 0.735435 14.8645
2.014 0.734522 14.8747
2.015 0.73361 14.8849
2.016 0.732699 14.8952
2.017 0.731789 14.9054
2.018 0.730881 14.9156
2.019 0.729974 14.9258
2.02 0.729068 14.9361
2.021 0.728163 14.9463
2.022 0.72726 14.9565
2.023 0.726358 14.9668
2.024 0.725457 14.977
2.025 0.724558 14.9872
2.026 0.723659 14.9975
2.027 0.722762 15.0077
2.028 0.721866 15.0179
2.029 0.720972 15.0282
2.03 0.720079 15.0384
2.031 0.719186 15.0487
2.032 0.718296 15.0589
2.033 0.717406 15.0691
2.034 0.716518 15.0794
2.035 0.71563 15.0896
2.036 0.714745 15.0999
2.037 0.71386 15.1101
2.038 0.712976 15.1204
2.039 0.712094 15.1306
2.04 0.711213 15.1409
2.041 0.710333 15.1511
2.042 0.709455 15.1614
2.043 0.708577 15.1716
2.044 0.707701 15.1819
2.045 0.706826 15.1921
2.046 0.705952 15.2024
2.047 0.70508 15.2126
2.048 0.704209 15.2229
2.049 0.703338 15.2331
2.05 0.702469 15.2434
2.051 0.701602 15.2536
2.052 0.700735 15.2639
2.053 0.69987 15.2742
2.054 0.699006 15.2844
2.055 0.698143 15.2947
2.056 0.697281 15.3049
2.057 0.69642 15.3152
2.058 0.695561 15.3255
2.059 0.694703 15.3357
2.06 0.693846 15.346
2.061 0.69299 15.3563
2.062 0.692135 15.3665
2.063 0.691282 15.3768
2.064 0.69043 15.3871
2.065 0.689578 15.3973
2.066 0.688729 15.4076
2.067 0.68788 15.4179
2.068 0.687032 15.4282
2.069 0.686186 15.4384
2.07 0.68534 15.4487
2.071 0.684496 15.459
2.072 0.683653 15.4692
2.073 0.682812 15.4795
2.074 0.681971 15.4898
2.075 0.681131 15.5001
2.076 0.680293 15.5104
2.077 0.679456 15.5206
2.078 0.67862 15.5309
2.079 0.677785 15.5412
2.08 0.676951 15.5515
2.081 0.676119 15.5618
2.082 0.675287 15.572
2.083 0.674457 15.5823
2.084 0.673628 15.5926
2.085 0.6728 15.6029
2.086 0.671973 15.6132
2.087 0.671147 15.6235
2.088 0.670323 15.6338
2.089 0.669499 15.644
2.09 0.668677 15.6543
2.091 0.667856 15.6646
2.092 0.667035 15.6749
2.093 0.666217 15.6852
2.094 0.665399 15.6955
2.095 0.664582 15.7058
2.096 0.663766 15.7161
2.097 0.662952 15.7264
2.098 0.662138 15.7367
2.099 0.661326 15.747
2.1 0.660515 15.7573
2.101 0.659705 15.7676
2.102 0.658896 15.7779
2.103 0.658088 15.7882
2.104 0.657282 15.7985
2.105 0.656476 15.8088
2.106 0.655671 15.8191
2.107 0.654868 15.8294
2.108 0.654066 15.8397
2.109 0.653265 15.85
2.11 0.652464 15.8603
2.111 0.651665 15.8706
2.112 0.650867 15.8809
2.113 0.650071 15.8912
2.114 0.649275 15.9015
2.115 0.64848 15.9118
2.116 0.647687 15.9221
2.117 0.646894 15.9324
2.118 0.646103 15.9428
2.119 0.645312 15.9531
2.12 0.644523 15.9634
2.121 0.643735 15.9737
2.122 0.642948 15.984
2.123 0.642162 15.9943
2.124 0.641377 16.0046
2.125 0.640593 16.015
2.126 0.63981 16.0253
2.127 0.639028 16.0356
2.128 0.638248 16.0459
2.129 0.637468 16.0562
2.13 0.63669 16.0666
2.131 0.635912 16.0769
2.132 0.635136 16.0872
2.133 0.63436 16.0975
2.134 0.633586 16.1078
2.135 0.632813 16.1182
2.136 0.63204 16.1285
2.137 0.631269 16.1388
2.138 0.630499 16.1491
2.139 0.62973 16.1595
2.14 0.628962 16.1698
2.141 0.628195 16.1801
2.142 0.627429 16.1905
2.143 0.626664 16.2008
2.144 0.6259 16.2111
2.145 0.625138 16.2215
2.146 0.624376 16.2318
2.147 0.623615 16.2421
2.148 0.622855 16.2525
2.149 0.622097 16.2628
2.15 0.621339 16.2731
2.151 0.620582 16.2835
2.152 0.619827 16.2938
2.153 0.619072 16.3041
2.154 0.618319 16.3145
2.155 0.617566 16.3248
2.156 0.616815 16.3352
2.157 0.616064 16.3455
2.158 0.615315 16.3558
2.159 0.614566 16.3662
2.16 0.613819 16.3765
2.161 0.613072 16.3869
2.162 0.612327 16.3972
2.163 0.611583 16.4076
2.164 0.610839 16.4179
2.165 0.610097 16.4283
2.166 0.609356 16.4386
2.167 0.608615 16.4489
2.168 0.607876 16.4593
2.169 0.607137 16.4696
2.17 0.6064 16.48
2.171 0.605664 16.4903
2.172 0.604928 16.5007
2.173 0.604194 16.5111
2.174 0.603461 16.5214
2.175 0.602728 16.5318
2.176 0.601997 16.5421
2.177 0.601266 16.5525
2.178 0.600537 16.5628
2.179 0.599808 16.5732
2.18 0.599081 16.5835
2.181 0.598355 16.5939
2.182 0.597629 16.6043
2.183 0.596904 16.6146
2.184 0.596181 16.625
2.185 0.595458 16.6353
2.186 0.594737 16.6457
2.187 0.594016 16.6561
2.188 0.593297 16.6664
2.189 0.592578 16.6768
2.19 0.59186 16.6872
2.191 0.591143 16.6975
2.192 0.590428 16.7079
2.193 0.589713 16.7183
2.194 0.588999 16.7286
2.195 0.588286 16.739
2.196 0.587574 16.7494
2.197 0.586863 16.7597
2.198 0.586153 16.7701
2.199 0.585444 16.7805
2.2 0.584736 16.7908
2.201 0.584029 16.8012
2.202 0.583323 16.8116
2.203 0.582618 16.822
2.204 0.581913 16.8323
2.205 0.58121 16.8427
2.206 0.580508 16.8531
2.207 0.579806 16.8635
2.208 0.579106 16.8738
2.209 0.578406 16.8842
2.21 0.577708 16.8946
2.211 0.57701 16.905
2.212 0.576313 16.9154
2.213 0.575617 16.9257
2.214 0.574922 16.9361
2.215 0.574229 16.9465
2.216 0.573536 16.9569
2.217 0.572843 16.9673
2.218 0.572152 16.9777
2.219 0.571462 16.988
2.22 0.570773 16.9984
2.221 0.570084 17.0088
2.222 0.569397 17.0192
2.223 0.56871 17.0296
2.224 0.568025 17.04
2.225 0.56734 17.0504
2.226 0.566656 17.0608
2.227 0.565974 17.0712
2.228 0.565292 17.0815
2.229 0.564611 17.0919
2.23 0.563931 17.1023
2.231 0.563251 17.1127
2.232 0.562573 17.1231
2.233 0.561896 17.1335
2.234 0.561219 17.1439
2.235 0.560544 17.1543
2.236 0.559869 17.1647
2.237 0.559195 17.1751
2.238 0.558522 17.1855
2.239 0.55785 17.1959
2.24 0.557179 17.2063
2.241 0.556509 17.2167
2.242 0.55584 17.2271
2.243 0.555172 17.2375
2.244 0.554504 17.2479
2.245 0.553838 17.2583
2.246 0.553172 17.2687
2.247 0.552507 17.2791
2.248 0.551843 17.2895
2.249 0.55118 17.2999
2.25 0.550518 17.3103
2.251 0.549857 17.3207
2.252 0.549196 17.3311
2.253 0.548537 17.3415
2.254 0.547878 17.352
2.255 0.547221 17.3624
2.256 0.546564 17.3728
2.257 0.545908 17.3832
2.258 0.545253 17.3936
2.259 0.544598 17.404
2.26 0.543945 17.4144
2.261 0.543293 17.4248
2.262 0.542641 17.4352
2.263 0.54199 17.4457
2.264 0.54134 17.4561
2.265 0.540691 17.4665
2.266 0.540043 17.4769
2.267 0.539396 17.4873
2.268 0.538749 17.4977
2.269 0.538104 17.5082
2.27 0.537459 17.5186
2.271 0.536815 17.529
2.272 0.536172 17.5394
2.273 0.53553 17.5498
2.274 0.534889 17.5603
2.275 0.534248 17.5707
2.276 0.533609 17.5811
2.277 0.53297 17.5915
2.278 0.532332 17.602
2.279 0.531695 17.6124
2.28 0.531059 17.6228
2.281 0.530424 17.6332
2.282 0.529789 17.6437
2.283 0.529156 17.6541
2.284 0.528523 17.6645
2.285 0.527891 17.6749
2.286 0.52726 17.6854
2.287 0.526629 17.6958
2.288 0.526 17.7062
2.289 0.525371 17.7167
2.29 0.524743 17.7271
2.291 0.524116 17.7375
2.292 0.52349 17.748
2.293 0.522865 17.7584
2.294 0.522241 17.7688
2.295 0.521617 17.7793
2.296 0.520994 17.7897
2.297 0.520372 17.8001
2.298 0.519751 17.8106
2.299 0.519131 17.821
2.3 0.518511 17.8314
2.301 0.517892 17.8419
2.302 0.517275 17.8523
2.303 0.516657 17.8628
2.304 0.516041 17.8732
2.305 0.515426 17.8836
2.306 0.514811 17.8941
2.307 0.514197 17.9045
2.308 0.513584 17.915
2.309 0.512972 17.9254
2.31 0.512361 17.9359
2.311 0.51175 17.9463
2.312 0.511141 17.9568
2.313 0.510532 17.9672
2.314 0.509923 17.9776
2.315 0.509316 17.9881
2.316 0.50871 17.9985
2.317 0.508104 18.009
2.318 0.507499 18.0194
2.319 0.506895 18.0299
2.32 0.506291 18.0403
2.321 0.505689 18.0508
2.322 0.505087 18.0612
2.323 0.504486 18.0717
2.324 0.503886 18.0821
2.325 0.503287 18.0926
2.326 0.502688 18.1031
2.327 0.50209 18.1135
2.328 0.501493 18.124
2.329 0.500897 18.1344
2.33 0.500302 18.1449
2.331 0.499707 18.1553
2.332 0.499113 18.1658
2.333 0.49852 18.1763
2.334 0.497928 18.1867
2.335 0.497336 18.1972
2.336 0.496745 18.2076
2.337 0.496155 18.2181
2.338 0.495566 18.2286
2.339 0.494978 18.239
2.34 0.49439 18.2495
2.341 0.493803 18.2599
2.342 0.493217 18.2704
2.343 0.492632 18.2809
2.344 0.492047 18.2913
2.345 0.491464 18.3018
2.346 0.49088 18.3123
2.347 0.490298 18.3227
2.348 0.489717 18.3332
2.349 0.489136 18.3437
2.35 0.488556 18.3541
2.351 0.487977 18.3646
2.352 0.487398 18.3751
2.353 0.486821 18.3855
2.354 0.486244 18.396
2.355 0.485668 18.4065
2.356 0.485092 18.417
2.357 0.484518 18.4274
2.358 0.483944 18.4379
2.359 0.483371 18.4484
2.36 0.482798 18.4588
2.361 0.482226 18.4693
2.362 0.481656 18.4798
2.363 0.481085 18.4903
2.364 0.480516 18.5007
2.365 0.479947 18.5112
2.366 0.479379 18.5217
2.367 0.478812 18.5322
2.368 0.478246 18.5427
2.369 0.47768 18.5531
2.37 0.477115 18.5636
2.371 0.476551 18.5741
2.372 0.475988 18.5846
2.373 0.475425 18.5951
2.374 0.474863 18.6055
2.375 0.474302 18.616
2.376 0.473741 18.6265
2.377 0.473181 18.637
2.378 0.472622 18.6475
2.379 0.472064 18.658
2.38 0.471506 18.6684
2.381 0.470949 18.6789
2.382 0.470393 18.6894
2.383 0.469838 18.6999
2.384 0.469283 18.7104
2.385 0.468729 18.7209
2.386 0.468176 18.7314
2.387 0.467624 18.7419
2.388 0.467072 18.7524
2.389 0.466521 18.7628
2.39 0.46597 18.7733
2.391 0.465421 18.7838
2.392 0.464872 18.7943
2.393 0.464324 18.8048
2.394 0.463776 18.8153
2.395 0.463229 18.8258
2.396 0.462683 18.8363
2.397 0.462138 18.8468
2.398 0.461593 18.8573
2.399 0.461049 18.8678
2.4 0.460506 18.8783
2.401 0.459964 18.8888
2.402 0.459422 18.8993
2.403 0.458881 18.9098
2.404 0.45834 18.9203
2.405 0.457801 18.9308
2.406 0.457262 18.9413
2.407 0.456723 18.9518
2.408 0.456186 18.9623
2.409 0.455649 18.9728
2.41 0.455113 18.9833
2.411 0.454577 18.9938
2.412 0.454042 19.0043
2.413 0.453508 19.0148
2.414 0.452975 19.0253
2.415 0.452442 19.0358
2.416 0.45191 19.0463
2.417 0.451379 19.0568
2.418 0.450848 19.0673
2.419 0.450318 19.0778
2.42 0.449789 19.0883
2.421 0.44926 19.0988
2.422 0.448732 19.1093
2.423 0.448205 19.1199
2.424 0.447679 19.1304
2.425 0.447153 19.1409
2.426 0.446628 19.1514
2.427 0.446103 19.1619
2.428 0.445579 19.1724
2.429 0.445056 19.1829
2.43 0.444534 19.1934
2.431 0.444012 19.2039
2.432 0.443491 19.2145
2.433 0.442971 19.225
2.434 0.442451 19.2355
2.435 0.441932 19.246
2.436 0.441413 19.2565
2.437 0.440896 19.267
2.438 0.440379 19.2776
2.439 0.439862 19.2881
2.44 0.439346 19.2986
2.441 0.438831 19.3091
2.442 0.438317 19.3196
2.443 0.437803 19.3302
2.444 0.43729 19.3407
2.445 0.436778 19.3512
2.446 0.436266 19.3617
2.447 0.435755 19.3722
2.448 0.435245 19.3828
2.449 0.434735 19.3933
2.45 0.434226 19.4038
2.451 0.433717 19.4143
2.452 0.43321 19.4249
2.453 0.432703 19.4354
2.454 0.432196 19.4459
2.455 0.43169 19.4564
2.456 0.431185 19.467
2.457 0.430681 19.4775
2.458 0.430177 19.488
2.459 0.429674 19.4985
2.46 0.429171 19.5091
2.461 0.428669 19.5196
2.462 0.428168 19.5301
2.463 0.427667 19.5407
2.464 0.427167 19.5512
2.465 0.426668 19.5617
2.466 0.426169 19.5723
2.467 0.425671 19.5828
2.468 0.425174 19.5933
2.469 0.424677 19.6039
2.47 0.424181 19.6144
2.471 0.423686 19.6249
2.472 0.423191 19.6355
2.473 0.422697 19.646
2.474 0.422203 19.6565
2.475 0.42171 19.6671
2.476 0.421218 19.6776
2.477 0.420726 19.6881
2.478 0.420235 19.6987
2.479 0.419745 19.7092
2.48 0.419255 19.7198
2.481 0.418766 19.7303
2.482 0.418278 19.7408
2.483 0.41779 19.7514
2.484 0.417302 19.7619
2.485 0.416816 19.7725
2.486 0.41633 19.783
2.487 0.415844 19.7935
2.488 0.41536 19.8041
2.489 0.414876 19.8146
2.49 0.414392 19.8252
2.491 0.413909 19.8357
2.492 0.413427 19.8463
2.493 0.412945 19.8568
2.494 0.412464 19.8674
2.495 0.411984 19.8779
2.496 0.411504 19.8884
2.497 0.411025 19.899
2.498 0.410546 19.9095
2.499 0.410068 19.9201
2.5 0.409591 19.9306
2.501 0.409114 19.9412
2.502 0.408638 19.9517
2.503 0.408163 19.9623
2.504 0.407688 19.9728
2.505 0.407214 19.9834
2.506 0.40674 19.9939
2.507 0.406267 20.0045
2.508 0.405794 20.015
2.509 0.405323 20.0256
2.51 0.404851 20.0362
2.511 0.404381 20.0467
2.512 0.403911 20.0573
2.513 0.403441 20.0678
2.514 0.402972 20.0784
2.515 0.402504 20.0889
2.516 0.402036 20.0995
2.517 0.401569 20.11
2.518 0.401103 20.1206
2.519 0.400637 20.1312
2.52 0.400172 20.1417
2.521 0.399707 20.1523
2.522 0.399243 20.1628
2.523 0.39878 20.1734
2.524 0.398317 20.184
2.525 0.397854 20.1945
2.526 0.397393 20.2051
2.527 0.396932 20.2156
2.528 0.396471 20.2262
2.529 0.396011 20.2368
2.53 0.395552 20.2473
2.531 0.395093 20.2579
2.532 0.394635 20.2685
2.533 0.394177 20.279
2.534 0.39372 20.2896
2.535 0.393264 20.3002
2.536 0.392808 20.3107
2.537 0.392353 20.3213
2.538 0.391898 20.3319
2.539 0.391444 20.3424
2.54 0.39099 20.353
2.541 0.390537 20.3636
2.542 0.390085 20.3741
2.543 0.389633 20.3847
2.544 0.389182 20.3953
2.545 0.388731 20.4058
2.546 0.388281 20.4164
2.547 0.387832 20.427
2.548 0.387383 20.4376
2.549 0.386934 20.4481
2.55 0.386487 20.4587
2.551 0.386039 20.4693
2.552 0.385593 20.4798
2.553 0.385147 20.4904
2.554 0.384701 20.501
2.555 0.384256 20.5116
2.556 0.383812 20.5221
2.557 0.383368 20.5327
2.558 0.382925 20.5433
2.559 0.382482 20.5539
2.56 0.38204 20.5645
2.561 0.381598 20.575
2.562 0.381157 20.5856
2.563 0.380717 20.5962
2.564 0.380277 20.6068
2.565 0.379838 20.6173
2.566 0.379399 20.6279
2.567 0.378961 20.6385
2.568 0.378523 20.6491
2.569 0.378086 20.6597
2.57 0.377649 20.6703
2.571 0.377213 20.6808
2.572 0.376778 20.6914
2.573 0.376343 20.702
2.574 0.375909 20.7126
2.575 0.375475 20.7232
2.576 0.375042 20.7338
2.577 0.374609 20.7443
2.578 0.374177 20.7549
2.579 0.373745 20.7655
2.58 0.373314 20.7761
2.581 0.372884 20.7867
2.582 0.372454 20.7973
2.583 0.372024 20.8079
2.584 0.371596 20.8184
2.585 0.371167 20.829
2.586 0.370739 20.8396
2.587 0.370312 20.8502
2.588 0.369885 20.8608
2.589 0.369459 20.8714
2.59 0.369034 20.882
2.591 0.368609 20.8926
2.592 0.368184 20.9032
2.593 0.36776 20.9138
2.594 0.367337 20.9244
2.595 0.366914 20.9349
2.596 0.366491 20.9455
2.597 0.366069 20.9561
2.598 0.365648 20.9667
2.599 0.365227 20.9773
2.6 0.364807 20.9879
2.601 0.364387 20.9985
2.602 0.363968 21.0091
2.603 0.363549 21.0197
2.604 0.363131 21.0303
2.605 0.362713 21.0409
2.606 0.362296 21.0515
2.607 0.36188 21.0621
2.608 0.361464 21.0727
2.609 0.361048 21.0833
2.61 0.360633 21.0939
2.611 0.360219 21.1045
2.612 0.359805 21.1151
2.613 0.359391 21.1257
2.614 0.358978 21.1363
2.615 0.358566 21.1469
2.616 0.358154 21.1575
2.617 0.357743 21.1681
2.618 0.357332 21.1787
2.619 0.356921 21.1893
2.62 0.356512 21.1999
2.621 0.356102 21.2105
2.622 0.355694 21.2211
2.623 0.355285 21.2317
2.624 0.354878 21.2423
2.625 0.35447 21.2529
2.626 0.354064 21.2635
2.627 0.353657 21.2742
2.628 0.353252 21.2848
2.629 0.352846 21.2954
2.63 0.352442 21.306
2.631 0.352038 21.3166
2.632 0.351634 21.3272
2.633 0.351231 21.3378
2.634 0.350828 21.3484
2.635 0.350426 21.359
2.636 0.350024 21.3696
2.637 0.349623 21.3802
2.638 0.349222 21.3909
2.639 0.348822 21.4015
2.64 0.348423 21.4121
2.641 0.348024 21.4227
2.642 0.347625 21.4333
2.643 0.347227 21.4439
2.644 0.346829 21.4545
2.645 0.346432 21.4652
2.646 0.346035 21.4758
2.647 0.345639 21.4864
2.648 0.345244 21.497
2.649 0.344848 21.5076
2.65 0.344454 21.5182
2.651 0.34406 21.5288
2.652 0.343666 21.5395
2.653 0.343273 21.5501
2.654 0.34288 21.5607
2.655 0.342488 21.5713
2.656 0.342096 21.5819
2.657 0.341705 21.5926
2.658 0.341314 21.6032
2.659 0.340924 21.6138
2.66 0.340534 21.6244
2.661 0.340145 21.635
2.662 0.339756 21.6457
2.663 0.339368 21.6563
2.664 0.33898 21.6669
2.665 0.338593 21.6775
2.666 0.338206 21.6882
2.667 0.33782 21.6988
2.668 0.337434 21.7094
2.669 0.337048 21.72
2.67 0.336663 21.7306
2.671 0.336279 21.7413
2.672 0.335895 21.7519
2.673 0.335512 21.7625
2.674 0.335129 21.7732
2.675 0.334746 21.7838
2.676 0.334364 21.7944
2.677 0.333983 21.805
2.678 0.333602 21.8157
2.679 0.333221 21.8263
2.68 0.332841 21.8369
2.681 0.332461 21.8475
2.682 0.332082 21.8582
2.683 0.331703 21.8688
2.684 0.331325 21.8794
2.685 0.330947 21.8901
2.686 0.33057 21.9007
2.687 0.330193 21.9113
2.688 0.329817 21.922
2.689 0.329441 21.9326
2.69 0.329066 21.9432
2.691 0.328691 21.9539
2.692 0.328316 21.9645
2.693 0.327942 21.9751
2.694 0.327569 21.9858
2.695 0.327195 21.9964
2.696 0.326823 22.007
2.697 0.326451 22.0177
2.698 0.326079 22.0283
2.699 0.325708 22.0389
2.7 0.325337 22.0496
2.701 0.324967 22.0602
2.702 0.324597 22.0709
2.703 0.324227 22.0815
2.704 0.323858 22.0921
2.705 0.32349 22.1028
2.706 0.323122 22.1134
2.707 0.322754 22.124
2.708 0.322387 22.1347
2.709 0.322021 22.1453
2.71 0.321655 22.156
2.711 0.321289 22.1666
2.712 0.320924 22.1772
2.713 0.320559 22.1879
2.714 0.320194 22.1985
2.715 0.31983 22.2092
2.716 0.319467 22.2198
2.717 0.319104 22.2305
2.718 0.318741 22.2411
2.719 0.318379 22.2517
2.72 0.318018 22.2624
2.721 0.317656 22.273
2.722 0.317296 22.2837
2.723 0.316935 22.2943
2.724 0.316575 22.305
2.725 0.316216 22.3156
2.726 0.315857 22.3263
2.727 0.315498 22.3369
2.728 0.31514 22.3476
2.729 0.314783 22.3582
2.73 0.314425 22.3689
2.731 0.314069 22.3795
2.732 0.313712 22.3902
2.733 0.313356 22.4008
2.734 0.313001 22.4115
2.735 0.312646 22.4221
2.736 0.312291 22.4328
2.737 0.311937 22.4434
2.738 0.311584 22.4541
2.739 0.31123 22.4647
2.74 0.310877 22.4754
2.741 0.310525 22.486
2.742 0.310173 22.4967
2.743 0.309822 22.5073
2.744 0.30947 22.518
2.745 0.30912 22.5286
2.746 0.30877 22.5393
2.747 0.30842 22.5499
2.748 0.30807 22.5606
2.749 0.307722 22.5712
2.75 0.307373 22.5819
2.751 0.307025 22.5926
2.752 0.306677 22.6032
2.753 0.30633 22.6139
2.754 0.305983 22.6245
2.755 0.305637 22.6352
2.756 0.305291 22.6458
2.757 0.304946 22.6565
2.758 0.304601 22.6672
2.759 0.304256 22.6778
2.76 0.303912 22.6885
2.761 0.303568 22.6991
2.762 0.303225 22.7098
2.763 0.302882 22.7205
2.764 0.302539 22.7311
2.765 0.302197 22.7418
2.766 0.301855 22.7524
2.767 0.301514 22.7631
2.768 0.301173 22.7738
2.769 0.300833 22.7844
2.77 0.300493 22.7951
2.771 0.300153 22.8058
2.772 0.299814 22.8164
2.773 0.299475 22.8271
2.774 0.299137 22.8377
2.775 0.298799 22.8484
2.776 0.298462 22.8591
2.777 0.298125 22.8697
2.778 0.297788 22.8804
2.779 0.297452 22.8911
2.78 0.297116 22.9017
2.781 0.29678 22.9124
2.782 0.296445 22.9231
2.783 0.296111 22.9337
2.784 0.295777 22.9444
2.785 0.295443 22.9551
2.786 0.295109 22.9657
2.787 0.294776 22.9764
2.788 0.294444 22.9871
2.789 0.294112 22.9978
2.79 0.29378 23.0084
2.791 0.293449 23.0191
2.792 0.293118 23.0298
2.793 0.292787 23.0404
2.794 0.292457 23.0511
2.795 0.292127 23.0618
2.796 0.291798 23.0725
2.797 0.291469 23.0831
2.798 0.291141 23.0938
2.799 0.290813 23.1045
2.8 0.290485 23.1151
2.801 0.290158 23.1258
2.802 0.289831 23.1365
2.803 0.289504 23.1472
2.804 0.289178 23.1578
2.805 0.288852 23.1685
2.806 0.288527 23.1792
2.807 0.288202 23.1899
2.808 0.287878 23.2005
2.809 0.287554 23.2112
2.81 0.28723 23.2219
2.811 0.286907 23.2326
2.812 0.286584 23.2433
2.813 0.286261 23.2539
2.814 0.285939 23.2646
2.815 0.285617 23.2753
2.816 0.285296 23.286
2.817 0.284975 23.2966
2.818 0.284655 23.3073
2.819 0.284334 23.318
2.82 0.284015 23.3287
2.821 0.283695 23.3394
2.822 0.283376 23.3501
2.823 0.283058 23.3607
2.824 0.282739 23.3714
2.825 0.282422 23.3821
2.826 0.282104 23.3928
2.827 0.281787 23.4035
2.828 0.28147 23.4141
2.829 0.281154 23.4248
2.83 0.280838 23.4355
2.831 0.280523 23.4462
2.832 0.280208 23.4569
2.833 0.279893 23.4676
2.834 0.279579 23.4783
2.835 0.279265 23.4889
2.836 0.278951 23.4996
2.837 0.278638 23.5103
2.838 0.278325 23.521
2.839 0.278013 23.5317
2.84 0.277701 23.5424
2.841 0.277389 23.5531
2.842 0.277078 23.5637
2.843 0.276767 23.5744
2.844 0.276456 23.5851
2.845 0.276146 23.5958
2.846 0.275836 23.6065
2.847 0.275527 23.6172
2.848 0.275218 23.6279
2.849 0.274909 23.6386
2.85 0.274601 23.6493
2.851 0.274293 23.66
2.852 0.273985 23.6706
2.853 0.273678 23.6813
2.854 0.273372 23.692
2.855 0.273065 23.7027
2.856 0.272759 23.7134
2.857 0.272453 23.7241
2.858 0.272148 23.7348
2.859 0.271843 23.7455
2.86 0.271539 23.7562
2.861 0.271234 23.7669
2.862 0.270931 23.7776
2.863 0.270627 23.7883
2.864 0.270324 23.799
2.865 0.270021 23.8097
2.866 0.269719 23.8204
2.867 0.269417 23.831
2.868 0.269116 23.8417
2.869 0.268814 23.8524
2.87 0.268513 23.8631
2.871 0.268213 23.8738
2.872 0.267913 23.8845
2.873 0.267613 23.8952
2.874 0.267314 23.9059
2.875 0.267015 23.9166
2.876 0.266716 23.9273
2.877 0.266418 23.938
2.878 0.26612 23.9487
2.879 0.265822 23.9594
2.88 0.265525 23.9701
2.881 0.265228 23.9808
2.882 0.264931 23.9915
2.883 0.264635 24.0022
2.884 0.264339 24.0129
2.885 0.264044 24.0236
2.886 0.263749 24.0343
2.887 0.263454 24.045
2.888 0.26316 24.0557
2.889 0.262866 24.0664
2.89 0.262572 24.0771
2.891 0.262279 24.0879
2.892 0.261986 24.0986
2.893 0.261693 24.1093
2.894 0.261401 24.12
2.895 0.261109 24.1307
2.896 0.260818 24.1414
2.897 0.260526 24.1521
2.898 0.260236 24.1628
2.899 0.259945 24.1735
2.9 0.259655 24.1842
2.901 0.259365 24.1949
2.902 0.259076 24.2056
2.903 0.258787 24.2163
2.904 0.258498 24.227
2.905 0.25821 24.2377
2.906 0.257921 24.2484
2.907 0.257634 24.2592
2.908 0.257346 24.2699
2.909 0.257059 24.2806
2.91 0.256773 24.2913
2.911 0.256487 24.302
2.912 0.256201 24.3127
2.913 0.255915 24.3234
2.914 0.25563 24.3341
2.915 0.255345 24.3448
2.916 0.25506 24.3555
2.917 0.254776 24.3663
2.918 0.254492 24.377
2.919 0.254209 24.3877
2.92 0.253925 24.3984
2.921 0.253642 24.4091
2.922 0.25336 24.4198
2.923 0.253078 24.4305
2.924 0.252796 24.4412
2.925 0.252514 24.452
2.926 0.252233 24.4627
2.927 0.251952 24.4734
2.928 0.251672 24.4841
2.929 0.251392 24.4948
2.93 0.251112 24.5055
2.931 0.250832 24.5163
2.932 0.250553 24.527
2.933 0.250275 24.5377
2.934 0.249996 24.5484
2.935 0.249718 24.5591
2.936 0.24944 24.5698
2.937 0.249163 24.5806
2.938 0.248885 24.5913
2.939 0.248609 24.602
2.94 0.248332 24.6127
2.941 0.248056 24.6234
2.942 0.24778 24.6342
2.943 0.247505 24.6449
2.944 0.24723 24.6556
2.945 0.246955 24.6663
2.946 0.24668 24.677
2.947 0.246406 24.6878
2.948 0.246132 24.6985
2.949 0.245859 24.7092
2.95 0.245586 24.7199
2.951 0.245313 24.7306
2.952 0.24504 24.7414
2.953 0.244768 24.7521
2.954 0.244496 24.7628
2.955 0.244225 24.7735
2.956 0.243954 24.7843
2.957 0.243683 24.795
2.958 0.243412 24.8057
2.959 0.243142 24.8164
2.96 0.242872 24.8272
2.961 0.242602 24.8379
2.962 0.242333 24.8486
2.963 0.242064 24.8593
2.964 0.241796 24.8701
2.965 0.241527 24.8808
2.966 0.241259 24.8915
2.967 0.240992 24.9022
2.968 0.240724 24.913
2.969 0.240457 24.9237
2.97 0.240191 24.9344
2.971 0.239924 24.9451
2.972 0.239658 24.9559
2.973 0.239393 24.9666
2.974 0.239127 24.9773
2.975 0.238862 24.9881
2.976 0.238597 24.9988
2.977 0.238333 25.0095
2.978 0.238069 25.0202
2.979 0.237805 25.031
2.98 0.237541 25.0417
2.981 0.237278 25.0524
2.982 0.237015 25.0632
2.983 0.236753 25.0739
2.984 0.23649 25.0846
2.985 0.236228 25.0954
2.986 0.235967 25.1061
2.987 0.235705 25.1168
2.988 0.235444 25.1276
2.989 0.235184 25.1383
2.99 0.234923 25.149
2.991 0.234663 25.1598
2.992 0.234403 25.1705
2.993 0.234144 25.1812
2.994 0.233885 25.192
2.995 0.233626 25.2027
2.996 0.233368 25.2134
2.997 0.233109 25.2242
2.998 0.232851 25.2349
2.999 0.232594 25.2456
3 0.232336 25.2564
3.001 0.232079 25.2671
3.002 0.231823 25.2778
3.003 0.231566 25.2886
3.004 0.23131 25.2993
3.005 0.231055 25.3101
3.006 0.230799 25.3208
3.007 0.230544 25.3315
3.008 0.230289 25.3423
3.009 0.230035 25.353
3.01 0.22978 25.3637
3.011 0.229526 25.3745
3.012 0.229273 25.3852
3.013 0.229019 25.396
3.014 0.228766 25.4067
3.015 0.228514 25.4174
3.016 0.228261 25.4282
3.017 0.228009 25.4389
3.018 0.227757 25.4497
3.019 0.227506 25.4604
3.02 0.227254 25.4712
3.021 0.227003 25.4819
3.022 0.226753 25.4926
3.023 0.226502 25.5034
3.024 0.226252 25.5141
3.025 0.226003 25.5249
3.026 0.225753 25.5356
3.027 0.225504 25.5463
3.028 0.225255 25.5571
3.029 0.225007 25.5678
3.03 0.224758 25.5786
3.031 0.22451 25.5893
3.032 0.224263 25.6001
3.033 0.224015 25.6108
3.034 0.223768 25.6216
3.035 0.223521 25.6323
3.036 0.223275 25.6431
3.037 0.223029 25.6538
3.038 0.222783 25.6645
3.039 0.222537 25.6753
3.04 0.222292 25.686
3.041 0.222047 25.6968
3.042 0.221802 25.7075
3.043 0.221558 25.7183
3.044 0.221313 25.729
3.045 0.22107 25.7398
3.046 0.220826 25.7505
3.047 0.220583 25.7613
3.048 0.22034 25.772
3.049 0.220097 25.7828
3.05 0.219854 25.7935
3.051 0.219612 25.8043
3.052 0.21937 25.815
3.053 0.219129 25.8258
3.054 0.218888 25.8365
3.055 0.218647 25.8473
3.056 0.218406 25.858
3.057 0.218165 25.8688
3.058 0.217925 25.8795
3.059 0.217685 25.8903
3.06 0.217446 25.901
3.061 0.217206 25.9118
3.062 0.216967 25.9225
3.063 0.216729 25.9333
3.064 0.21649 25.944
3.065 0.216252 25.9548
3.066 0.216014 25.9656
3.067 0.215777 25.9763
3.068 0.215539 25.9871
3.069 0.215302 25.9978
3.07 0.215065 26.0086
3.071 0.214829 26.0193
3.072 0.214593 26.0301
3.073 0.214357 26.0408
3.074 0.214121 26.0516
3.075 0.213886 26.0623
3.076 0.213651 26.0731
3.077 0.213416 26.0839
3.078 0.213181 26.0946
3.079 0.212947 26.1054
3.08 0.212713 26.1161
3.081 0.212479 26.1269
3.082 0.212246 26.1376
3.083 0.212013 26.1484
3.084 0.21178 26.1592
3.085 0.211547 26.1699
3.086 0.211315 26.1807
3.087 0.211083 26.1914
3.088 0.210851 26.2022
3.089 0.210619 26.213
3.09 0.210388 26.2237
3.091 0.210157 26.2345
3.092 0.209927 26.2452
3.093 0.209696 26.256
3.094 0.209466 26.2668
3.095 0.209236 26.2775
3.096 0.209006 26.2883
3.097 0.208777 26.299
3.098 0.208548 26.3098
3.099 0.208319 26.3206
3.1 0.208091 26.3313
3.101 0.207862 26.3421
3.102 0.207634 26.3529
3.103 0.207407 26.3636
3.104 0.207179 26.3744
3.105 0.206952 26.3852
3.106 0.206725 26.3959
3.107 0.206498 26.4067
3.108 0.206272 26.4174
3.109 0.206046 26.4282
3.11 0.20582 26.439
3.111 0.205594 26.4497
3.112 0.205369 26.4605
3.113 0.205144 26.4713
3.114 0.204919 26.482
3.115 0.204695 26.4928
3.116 0.20447 26.5036
3.117 0.204246 26.5143
3.118 0.204023 26.5251
3.119 0.203799 26.5359
3.12 0.203576 26.5466
3.121 0.203353 26.5574
3.122 0.20313 26.5682
3.123 0.202908 26.5789
3.124 0.202686 26.5897
3.125 0.202464 26.6005
3.126 0.202242 26.6112
3.127 0.202021 26.622
3.128 0.2018 26.6328
3.129 0.201579 26.6436
3.13 0.201358 26.6543
3.131 0.201138 26.6651
3.132 0.200918 26.6759
3.133 0.200698 26.6866
3.134 0.200478 26.6974
3.135 0.200259 26.7082
3.136 0.20004 26.7189
3.137 0.199821 26.7297
3.138 0.199602 26.7405
3.139 0.199384 26.7513
3.14 0.199166 26.762
3.141 0.198948 26.7728
3.142 0.198731 26.7836
3.143 0.198514 26.7944
3.144 0.198297 26.8051
3.145 0.19808 26.8159
3.146 0.197863 26.8267
3.147 0.197647 26.8374
3.148 0.197431 26.8482
3.149 0.197215 26.859
3.15 0.197 26.8698
3.151 0.196784 26.8805
3.152 0.196569 26.8913
3.153 0.196355 26.9021
3.154 0.19614 26.9129
3.155 0.195926 26.9236
3.156 0.195712 26.9344
3.157 0.195498 26.9452
3.158 0.195285 26.956
3.159 0.195071 26.9668
3.16 0.194858 26.9775
3.161 0.194646 26.9883
3.162 0.194433 26.9991
3.163 0.194221 27.0099
3.164 0.194009 27.0206
3.165 0.193797 27.0314
3.166 0.193586 27.0422
3.167 0.193374 27.053
3.168 0.193163 27.0638
3.169 0.192953 27.0745
3.17 0.192742 27.0853
3.171 0.192532 27.0961
3.172 0.192322 27.1069
3.173 0.192112 27.1177
3.174 0.191903 27.1284
3.175 0.191693 27.1392
3.176 0.191484 27.15
3.177 0.191275 27.1608
3.178 0.191067 27.1716
3.179 0.190858 27.1823
3.18 0.19065 27.1931
3.181 0.190443 27.2039
3.182 0.190235 27.2147
3.183 0.190028 27.2255
3.184 0.189821 27.2362
3.185 0.189614 27.247
3.186 0.189407 27.2578
3.187 0.189201 27.2686
3.188 0.188994 27.2794
3.189 0.188789 27.2902
3.19 0.188583 27.3009
3.191 0.188377 27.3117
3.192 0.188172 27.3225
3.193 0.187967 27.3333
3.194 0.187763 27.3441
3.195 0.187558 27.3549
3.196 0.187354 27.3657
3.197 0.18715 27.3764
3.198 0.186946 27.3872
3.199 0.186743 27.398
3.2 0.186539 27.4088
3.201 0.186336 27.4196
3.202 0.186133 27.4304
3.203 0.185931 27.4412
3.204 0.185729 27.4519
3.205 0.185526 27.4627
3.206 0.185325 27.4735
3.207 0.185123 27.4843
3.208 0.184922 27.4951
3.209 0.18472 27.5059
3.21 0.184519 27.5167
3.211 0.184319 27.5275
3.212 0.184118 27.5382
3.213 0.183918 27.549
3.214 0.183718 27.5598
3.215 0.183518 27.5706
3.216 0.183319 27.5814
3.217 0.183119 27.5922
3.218 0.18292 27.603
3.219 0.182721 27.6138
3.22 0.182523 27.6246
3.221 0.182324 27.6354
3.222 0.182126 27.6461
3.223 0.181928 27.6569
3.224 0.181731 27.6677
3.225 0.181533 27.6785
3.226 0.181336 27.6893
3.227 0.181139 27.7001
3.228 0.180942 27.7109
3.229 0.180746 27.7217
3.23 0.180549 27.7325
3.231 0.180353 27.7433
3.232 0.180157 27.7541
3.233 0.179962 27.7649
3.234 0.179766 27.7757
3.235 0.179571 27.7864
3.236 0.179376 27.7972
3.237 0.179181 27.808
3.238 0.178987 27.8188
3.239 0.178793 27.8296
3.24 0.178599 27.8404
3.241 0.178405 27.8512
3.242 0.178211 27.862
3.243 0.178018 27.8728
3.244 0.177825 27.8836
3.245 0.177632 27.8944
3.246 0.177439 27.9052
3.247 0.177246 27.916
3.248 0.177054 27.9268
3.249 0.176862 27.9376
3.25 0.17667 27.9484
3.251 0.176479 27.9592
3.252 0.176287 27.97
3.253 0.176096 27.9808
3.254 0.175905 27.9916
3.255 0.175714 28.0024
3.256 0.175524 28.0132
3.257 0.175334 28.024
3.258 0.175144 28.0348
3.259 0.174954 28.0456
3.26 0.174764 28.0564
3.261 0.174575 28.0672
3.262 0.174386 28.078
3.263 0.174197 28.0888
3.264 0.174008 28.0996
3.265 0.173819 28.1104
3.266 0.173631 28.1212
3.267 0.173443 28.132
3.268 0.173255 28.1428
3.269 0.173067 28.1536
3.27 0.17288 28.1644
3.271 0.172693 28.1752
3.272 0.172506 28.186
3.273 0.172319 28.1968
3.274 0.172132 28.2076
3.275 0.171946 28.2184
3.276 0.17176 28.2292
3.277 0.171574 28.24
3.278 0.171388 28.2508
3.279 0.171203 28.2616
3.28 0.171017 28.2724
3.281 0.170832 28.2832
3.282 0.170647 28.294
3.283 0.170463 28.3048
3.284 0.170278 28.3156
3.285 0.170094 28.3264
3.286 0.16991 28.3372
3.287 0.169726 28.348
3.288 0.169543 28.3588
3.289 0.169359 28.3696
3.29 0.169176 28.3804
3.291 0.168993 28.3912
3.292 0.16881 28.402
3.293 0.168628 28.4128
3.294 0.168446 28.4237
3.295 0.168263 28.4345
3.296 0.168081 28.4453
3.297 0.1679 28.4561
3.298 0.167718 28.4669
3.299 0.167537 28.4777
3.3 0.167356 28.4885
3.301 0.167175 28.4993
3.302 0.166994 28.5101
3.303 0.166814 28.5209
3.304 0.166634 28.5317
3.305 0.166454 28.5425
3.306 0.166274 28.5533
3.307 0.166094 28.5642
3.308 0.165915 28.575
3.309 0.165736 28.5858
3.31 0.165557 28.5966
3.311 0.165378 28.6074
3.312 0.165199 28.6182
3.313 0.165021 28.629
3.314 0.164843 28.6398
3.315 0.164665 28.6506
3.316 0.164487 28.6614
3.317 0.164309 28.6723
3.318 0.164132 28.6831
3.319 0.163955 28.6939
3.32 0.163778 28.7047
3.321 0.163601 28.7155
3.322 0.163424 28.7263
3.323 0.163248 28.7371
3.324 0.163072 28.7479
3.325 0.162896 28.7587
3.326 0.16272 28.7696
3.327 0.162545 28.7804
3.328 0.162369 28.7912
3.329 0.162194 28.802
3.33 0.162019 28.8128
3.331 0.161845 28.8236
3.332 0.16167 28.8344
3.333 0.161496 28.8452
3.334 0.161322 28.8561
3.335 0.161148 28.8669
3.336 0.160974 28.8777
3.337 0.1608 28.8885
3.338 0.160627 28.8993
3.339 0.160454 28.9101
3.34 0.160281 28.921
3.341 0.160108 28.9318
3.342 0.159936 28.9426
3.343 0.159763 28.9534
3.344 0.159591 28.9642
3.345 0.159419 28.975
3.346 0.159247 28.9858
3.347 0.159076 28.9967
3.348 0.158904 29.0075
3.349 0.158733 29.0183
3.35 0.158562 29.0291
3.351 0.158391 29.0399
3.352 0.158221 29.0507
3.353 0.158051 29.0616
3.354 0.15788 29.0724
3.355 0.15771 29.0832
3.356 0.15754 29.094
3.357 0.157371 29.1048
3.358 0.157201 29.1157
3.359 0.157032 29.1265
3.36 0.156863 29.1373
3.361 0.156694 29.1481
3.362 0.156526 29.1589
3.363 0.156357 29.1698
3.364 0.156189 29.1806
3.365 0.156021 29.1914
3.366 0.155853 29.2022
3.367 0.155685 29.213
3.368 0.155518 29.2239
3.369 0.155351 29.2347
3.37 0.155183 29.2455
3.371 0.155016 29.2563
3.372 0.15485 29.2671
3.373 0.154683 29.278
3.374 0.154517 29.2888
3.375 0.154351 29.2996
3.376 0.154185 29.3104
3.377 0.154019 29.3212
3.378 0.153853 29.3321
3.379 0.153688 29.3429
3.38 0.153523 29.3537
3.381 0.153358 29.3645
3.382 0.153193 29.3754
3.383 0.153028 29.3862
3.384 0.152864 29.397
3.385 0.152699 29.4078
3.386 0.152535 29.4187
3.387 0.152371 29.4295
3.388 0.152208 29.4403
3.389 0.152044 29.4511
3.39 0.151881 29.462
3.391 0.151718 29.4728
3.392 0.151555 29.4836
3.393 0.151392 29.4944
3.394 0.151229 29.5053
3.395 0.151067 29.5161
3.396 0.150905 29.5269
3.397 0.150743 29.5377
3.398 0.150581 29.5486
3.399 0.150419 29.5594
3.4 0.150258 29.5702
3.401 0.150096 29.581
3.402 0.149935 29.5919
3.403 0.149774 29.6027
3.404 0.149613 29.6135
3.405 0.149453 29.6243
3.406 0.149292 29.6352
3.407 0.149132 29.646
3.408 0.148972 29.6568
3.409 0.148812 29.6677
3.41 0.148653 29.6785
3.411 0.148493 29.6893
3.412 0.148334 29.7001
3.413 0.148175 29.711
3.414 0.148016 29.7218
3.415 0.147857 29.7326
3.416 0.147698 29.7435
3.417 0.14754 29.7543
3.418 0.147382 29.7651
3.419 0.147224 29.7759
3.42 0.147066 29.7868
3.421 0.146908 29.7976
3.422 0.146751 29.8084
3.423 0.146593 29.8193
3.424 0.146436 29.8301
3.425 0.146279 29.8409
3.426 0.146123 29.8518
3.427 0.145966 29.8626
3.428 0.145809 29.8734
3.429 0.145653 29.8842
3.43 0.145497 29.8951
3.431 0.145341 29.9059
3.432 0.145185 29.9167
3.433 0.14503 29.9276
3.434 0.144875 29.9384
3.435 0.144719 29.9492
3.436 0.144564 29.9601
3.437 0.144409 29.9709
3.438 0.144255 29.9817
3.439 0.1441 29.9926
3.44 0.143946 30.0034
3.441 0.143792 30.0142
3.442 0.143638 30.0251
3.443 0.143484 30.0359
3.444 0.14333 30.0467
3.445 0.143177 30.0576
3.446 0.143024 30.0684
3.447 0.142871 30.0792
3.448 0.142718 30.0901
3.449 0.142565 30.1009
3.45 0.142412 30.1118
3.451 0.14226 30.1226
3.452 0.142108 30.1334
3.453 0.141956 30.1443
3.454 0.141804 30.1551
3.455 0.141652 30.1659
3.456 0.1415 30.1768
3.457 0.141349 30.1876
3.458 0.141198 30.1984
3.459 0.141047 30.2093
3.46 0.140896 30.2201
3.461 0.140745 30.2309
3.462 0.140595 30.2418
3.463 0.140444 30.2526
3.464 0.140294 30.2635
3.465 0.140144 30.2743
3.466 0.139994 30.2851
3.467 0.139845 30.296
3.468 0.139695 30.3068
3.469 0.139546 30.3177
3.47 0.139397 30.3285
3.471 0.139248 30.3393
3.472 0.139099 30.3502
3.473 0.13895 30.361
3.474 0.138802 30.3718
3.475 0.138653 30.3827
3.476 0.138505 30.3935
3.477 0.138357 30.4044
3.478 0.138209 30.4152
3.479 0.138062 30.426
3.48 0.137914 30.4369
3.481 0.137767 30.4477
3.482 0.13762 30.4586
3.483 0.137473 30.4694
3.484 0.137326 30.4802
3.485 0.137179 30.4911
3.486 0.137033 30.5019
3.487 0.136886 30.5128
3.488 0.13674 30.5236
3.489 0.136594 30.5345
3.49 0.136448 30.5453
3.491 0.136303 30.5561
3.492 0.136157 30.567
3.493 0.136012 30.5778
3.494 0.135867 30.5887
3.495 0.135722 30.5995
3.496 0.135577 30.6103
3.497 0.135432 30.6212
3.498 0.135287 30.632
3.499 0.135143 30.6429
3.5 0.134999 30.6537
3.501 0.134855 30.6646
3.502 0.134711 30.6754
3.503 0.134567 30.6863
3.504 0.134424 30.6971
3.505 0.13428 30.7079
3.506 0.134137 30.7188
3.507 0.133994 30.7296
3.508 0.133851 30.7405
3.509 0.133708 30.7513
3.51 0.133566 30.7622
3.511 0.133423 30.773
3.512 0.133281 30.7839
3.513 0.133139 30.7947
3.514 0.132997 30.8055
3.515 0.132855 30.8164
3.516 0.132714 30.8272
3.517 0.132572 30.8381
3.518 0.132431 30.8489
3.519 0.13229 30.8598
3.52 0.132149 30.8706
3.521 0.132008 30.8815
3.522 0.131867 30.8923
3.523 0.131727 30.9032
3.524 0.131586 30.914
3.525 0.131446 30.9249
3.526 0.131306 30.9357
3.527 0.131166 30.9466
3.528 0.131026 30.9574
3.529 0.130887 30.9683
3.53 0.130747 30.9791
3.531 0.130608 30.9899
3.532 0.130469 31.0008
3.533 0.13033 31.0116
3.534 0.130191 31.0225
3.535 0.130053 31.0333
3.536 0.129914 31.0442
3.537 0.129776 31.055
3.538 0.129638 31.0659
3.539 0.1295 31.0767
3.54 0.129362 31.0876
3.541 0.129224 31.0984
3.542 0.129086 31.1093
3.543 0.128949 31.1201
3.544 0.128812 31.131
3.545 0.128675 31.1418
3.546 0.128538 31.1527
3.547 0.128401 31.1635
3.548 0.128264 31.1744
3.549 0.128128 31.1852
3.55 0.127992 31.1961
3.551 0.127855 31.207
3.552 0.127719 31.2178
3.553 0.127583 31.2287
3.554 0.127448 31.2395
3.555 0.127312 31.2504
3.556 0.127177 31.2612
3.557 0.127042 31.2721
3.558 0.126906 31.2829
3.559 0.126771 31.2938
3.56 0.126637 31.3046
3.561 0.126502 31.3155
3.562 0.126367 31.3263
3.563 0.126233 31.3372
3.564 0.126099 31.348
3.565 0.125965 31.3589
3.566 0.125831 31.3697
3.567 0.125697 31.3806
3.568 0.125564 31.3914
3.569 0.12543 31.4023
3.57 0.125297 31.4132
3.571 0.125164 31.424
3.572 0.125031 31.4349
3.573 0.124898 31.4457
3.574 0.124765 31.4566
3.575 0.124633 31.4674
3.576 0.1245 31.4783
3.577 0.124368 31.4891
3.578 0.124236 31.5
3.579 0.124104 31.5109
3.58 0.123972 31.5217
3.581 0.12384 31.5326
3.582 0.123709 31.5434
3.583 0.123577 31.5543
3.584 0.123446 31.5651
3.585 0.123315 31.576
3.586 0.123184 31.5868
3.587 0.123053 31.5977
3.588 0.122923 31.6086
3.589 0.122792 31.6194
3.59 0.122662 31.6303
3.591 0.122532 31.6411
3.592 0.122402 31.652
3.593 0.122272 31.6628
3.594 0.122142 31.6737
3.595 0.122012 31.6846
3.596 0.121883 31.6954
3.597 0.121753 31.7063
3.598 0.121624 31.7171
3.599 0.121495 31.728
3.6 0.121366 31.7389
3.601 0.121237 31.7497
3.602 0.121109 31.7606
3.603 0.12098 31.7714
3.604 0.120852 31.7823
3.605 0.120724 31.7932
3.606 0.120596 31.804
3.607 0.120468 31.8149
3.608 0.12034 31.8257
3.609 0.120212 31.8366
3.61 0.120085 31.8475
3.611 0.119958 31.8583
3.612 0.11983 31.8692
3.613 0.119703 31.88
3.614 0.119577 31.8909
3.615 0.11945 31.9018
3.616 0.119323 31.9126
3.617 0.119197 31.9235
3.618 0.11907 31.9343
3.619 0.118944 31.9452
3.62 0.118818 31.9561
3.621 0.118692 31.9669
3.622 0.118566 31.9778
3.623 0.118441 31.9887
3.624 0.118315 31.9995
3.625 0.11819 32.0104
3.626 0.118065 32.0212
3.627 0.117939 32.0321
3.628 0.117814 32.043
3.629 0.11769 32.0538
3.63 0.117565 32.0647
3.631 0.11744 32.0756
3.632 0.117316 32.0864
3.633 0.117192 32.0973
3.634 0.117068 32.1081
3.635 0.116944 32.119
3.636 0.11682 32.1299
3.637 0.116696 32.1407
3.638 0.116573 32.1516
3.639 0.116449 32.1625
3.64 0.116326 32.1733
3.641 0.116203 32.1842
3.642 0.11608 32.1951
3.643 0.115957 32.2059
3.644 0.115834 32.2168
3.645 0.115711 32.2277
3.646 0.115589 32.2385
3.647 0.115467 32.2494
3.648 0.115344 32.2603
3.649 0.115222 32.2711
3.65 0.1151 32.282
3.651 0.114979 32.2928
3.652 0.114857 32.3037
3.653 0.114736 32.3146
3.654 0.114614 32.3254
3.655 0.114493 32.3363
3.656 0.114372 32.3472
3.657 0.114251 32.358
3.658 0.11413 32.3689
3.659 0.114009 32.3798
3.66 0.113889 32.3906
3.661 0.113768 32.4015
3.662 0.113648 32.4124
3.663 0.113528 32.4233
3.664 0.113408 32.4341
3.665 0.113288 32.445
3.666 0.113168 32.4559
3.667 0.113048 32.4667
3.668 0.112929 32.4776
3.669 0.112809 32.4885
3.67 0.11269 32.4993
3.671 0.112571 32.5102
3.672 0.112452 32.5211
3.673 0.112333 32.5319
3.674 0.112214 32.5428
3.675 0.112096 32.5537
3.676 0.111977 32.5645
3.677 0.111859 32.5754
3.678 0.111741 32.5863
3.679 0.111623 32.5972
3.68 0.111505 32.608
3.681 0.111387 32.6189
3.682 0.111269 32.6298
3.683 0.111152 32.6406
3.684 0.111034 32.6515
3.685 0.110917 32.6624
3.686 0.1108 32.6732
3.687 0.110683 32.6841
3.688 0.110566 32.695
3.689 0.110449 32.7059
3.69 0.110333 32.7167
3.691 0.110216 32.7276
3.692 0.1101 32.7385
3.693 0.109983 32.7493
3.694 0.109867 32.7602
3.695 0.109751 32.7711
3.696 0.109636 32.782
3.697 0.10952 32.7928
3.698 0.109404 32.8037
3.699 0.109289 32.8146
3.7 0.109173 32.8255
3.701 0.109058 32.8363
3.702 0.108943 32.8472
3.703 0.108828 32.8581
3.704 0.108713 32.8689
3.705 0.108598 32.8798
3.706 0.108484 32.8907
3.707 0.108369 32.9016
3.708 0.108255 32.9124
3.709 0.108141 32.9233
3.71 0.108027 32.9342
3.711 0.107913 32.9451
3.712 0.107799 32.9559
3.713 0.107685 32.9668
3.714 0.107572 32.9777
3.715 0.107458 32.9886
3.716 0.107345 32.9994
3.717 0.107232 33.0103
3.718 0.107119 33.0212
3.719 0.107006 33.0321
3.72 0.106893 33.0429
3.721 0.10678 33.0538
3.722 0.106668 33.0647
3.723 0.106555 33.0756
3.724 0.106443 33.0864
3.725 0.106331 33.0973
3.726 0.106218 33.1082
3.727 0.106106 33.1191
3.728 0.105995 33.1299
3.729 0.105883 33.1408
3.73 0.105771 33.1517
3.731 0.10566 33.1626
3.732 0.105548 33.1734
3.733 0.105437 33.1843
3.734 0.105326 33.1952
3.735 0.105215 33.2061
3.736 0.105104 33.217
3.737 0.104994 33.2278
3.738 0.104883 33.2387
3.739 0.104772 33.2496
3.74 0.104662 33.2605
3.741 0.104552 33.2713
3.742 0.104442 33.2822
3.743 0.104332 33.2931
3.744 0.104222 33.304
3.745 0.104112 33.3149
3.746 0.104002 33.3257
3.747 0.103893 33.3366
3.748 0.103784 33.3475
3.749 0.103674 33.3584
3.75 0.103565 33.3692
3.751 0.103456 33.3801
3.752 0.103347 33.391
3.753 0.103238 33.4019
3.754 0.10313 33.4128
3.755 0.103021 33.4236
3.756 0.102913 33.4345
3.757 0.102804 33.4454
3.758 0.102696 33.4563
3.759 0.102588 33.4672
3.76 0.10248 33.478
3.761 0.102372 33.4889
3.762 0.102264 33.4998
3.763 0.102157 33.5107
3.764 0.102049 33.5216
3.765 0.101942 33.5324
3.766 0.101835 33.5433
3.767 0.101728 33.5542
3.768 0.101621 33.5651
3.769 0.101514 33.576
3.77 0.101407 33.5869
3.771 0.1013 33.5977
3.772 0.101194 33.6086
3.773 0.101087 33.6195
3.774 0.100981 33.6304
3.775 0.100875 33.6413
3.776 0.100769 33.6521
3.777 0.100663 33.663
3.778 0.100557 33.6739
3.779 0.100451 33.6848
3.78 0.100346 33.6957
3.781 0.10024 33.7066
3.782 0.100135 33.7174
3.783 0.100029 33.7283
3.784 0.0999242 33.7392
3.785 0.0998192 33.7501
3.786 0.0997142 33.761
3.787 0.0996094 33.7719
3.788 0.0995047 33.7827
3.789 0.0994002 33.7936
3.79 0.0992957 33.8045
3.791 0.0991914 33.8154
3.792 0.0990871 33.8263
3.793 0.098983 33.8372
3.794 0.098879 33.848
3.795 0.0987751 33.8589
3.796 0.0986713 33.8698
3.797 0.0985677 33.8807
3.798 0.0984641 33.8916
3.799 0.0983607 33.9025
3.8 0.0982574 33.9134
3.801 0.0981542 33.9242
3.802 0.0980511 33.9351
3.803 0.0979481 33.946
3.804 0.0978452 33.9569
3.805 0.0977424 33.9678
3.806 0.0976398 33.9787
3.807 0.0975373 33.9896
3.808 0.0974348 34.0004
3.809 0.0973325 34.0113
3.81 0.0972303 34.0222
3.811 0.0971283 34.0331
3.812 0.0970263 34.044
3.813 0.0969244 34.0549
3.814 0.0968227 34.0658
3.815 0.096721 34.0766
3.816 0.0966195 34.0875
3.817 0.0965181 34.0984
3.818 0.0964168 34.1093
3.819 0.0963156 34.1202
3.82 0.0962145 34.1311
3.821 0.0961136 34.142
3.822 0.0960127 34.1529
3.823 0.0959119 34.1637
3.824 0.0958113 34.1746
3.825 0.0957108 34.1855
3.826 0.0956104 34.1964
3.827 0.09551 34.2073
3.828 0.0954098 34.2182
3.829 0.0953098 34.2291
3.83 0.0952098 34.24
3.831 0.0951099 34.2509
3.832 0.0950101 34.2617
3.833 0.0949105 34.2726
3.834 0.0948109 34.2835
3.835 0.0947115 34.2944
3.836 0.0946122 34.3053
3.837 0.094513 34.3162
3.838 0.0944138 34.3271
3.839 0.0943148 34.338
3.84 0.094216 34.3489
3.841 0.0941172 34.3597
3.842 0.0940185 34.3706
3.843 0.0939199 34.3815
3.844 0.0938215 34.3924
3.845 0.0937231 34.4033
3.846 0.0936249 34.4142
3.847 0.0935267 34.4251
3.848 0.0934287 34.436
3.849 0.0933308 34.4469
3.85 0.0932329 34.4578
3.851 0.0931352 34.4686
3.852 0.0930376 34.4795
3.853 0.0929401 34.4904
3.854 0.0928427 34.5013
3.855 0.0927454 34.5122
3.856 0.0926483 34.5231
3.857 0.0925512 34.534
3.858 0.0924542 34.5449
3.859 0.0923574 34.5558
3.86 0.0922606 34.5667
3.861 0.092164 34.5776
3.862 0.0920674 34.5885
3.863 0.091971 34.5993
3.864 0.0918746 34.6102
3.865 0.0917784 34.6211
3.866 0.0916823 34.632
3.867 0.0915863 34.6429
3.868 0.0914904 34.6538
3.869 0.0913945 34.6647
3.87 0.0912988 34.6756
3.871 0.0912032 34.6865
3.872 0.0911077 34.6974
3.873 0.0910124 34.7083
3.874 0.0909171 34.7192
3.875 0.0908219 34.7301
3.876 0.0907268 34.741
3.877 0.0906318 34.7519
3.878 0.0905369 34.7627
3.879 0.0904422 34.7736
3.88 0.0903475 34.7845
3.881 0.0902529 34.7954
3.882 0.0901585 34.8063
3.883 0.0900641 34.8172
3.884 0.0899699 34.8281
3.885 0.0898757 34.839
3.886 0.0897817 34.8499
3.887 0.0896877 34.8608
3.888 0.0895939 34.8717
3.889 0.0895001 34.8826
3.89 0.0894065 34.8935
3.891 0.089313 34.9044
3.892 0.0892195 34.9153
3.893 0.0891262 34.9262
3.894 0.0890329 34.9371
3.895 0.0889398 34.948
3.896 0.0888468 34.9589
3.897 0.0887539 34.9698
3.898 0.088661 34.9806
3.899 0.0885683 34.9915
3.9 0.0884757 35.0024
3.901 0.0883831 35.0133
3.902 0.0882907 35.0242
3.903 0.0881984 35.0351
3.904 0.0881062 35.046
3.905 0.088014 35.0569
3.906 0.087922 35.0678
3.907 0.0878301 35.0787
3.908 0.0877383 35.0896
3.909 0.0876466 35.1005
3.91 0.0875549 35.1114
3.911 0.0874634 35.1223
3.912 0.087372 35.1332
3.913 0.0872807 35.1441
3.914 0.0871894 35.155
3.915 0.0870983 35.1659
3.916 0.0870073 35.1768
3.917 0.0869163 35.1877
3.918 0.0868255 35.1986
3.919 0.0867348 35.2095
3.92 0.0866441 35.2204
3.921 0.0865536 35.2313
3.922 0.0864632 35.2422
3.923 0.0863728 35.2531
3.924 0.0862826 35.264
3.925 0.0861925 35.2749
3.926 0.0861024 35.2858
3.927 0.0860125 35.2967
3.928 0.0859226 35.3076
3.929 0.0858329 35.3185
3.93 0.0857432 35.3294
3.931 0.0856537 35.3403
3.932 0.0855642 35.3512
3.933 0.0854748 35.3621
3.934 0.0853856 35.373
3.935 0.0852964 35.3839
3.936 0.0852073 35.3948
3.937 0.0851184 35.4057
3.938 0.0850295 35.4166
3.939 0.0849407 35.4275
3.94 0.084852 35.4384
3.941 0.0847634 35.4493
3.942 0.0846749 35.4602
3.943 0.0845865 35.4711
3.944 0.0844982 35.482
3.945 0.08441 35.4929
3.946 0.0843219 35.5038
3.947 0.0842339 35.5147
3.948 0.084146 35.5256
3.949 0.0840582 35.5365
3.95 0.0839704 35.5474
3.951 0.0838828 35.5583
3.952 0.0837953 35.5692
3.953 0.0837078 35.5801
3.954 0.0836205 35.591
3.955 0.0835332 35.6019
3.956 0.083446 35.6128
3.957 0.083359 35.6237
3.958 0.083272 35.6346
3.959 0.0831851 35.6455
3.96 0.0830984 35.6564
3.961 0.0830117 35.6673
3.962 0.0829251 35.6782
3.963 0.0828386 35.6891
3.964 0.0827522 35.7
3.965 0.0826659 35.7109
3.966 0.0825796 35.7218
3.967 0.0824935 35.7327
3.968 0.0824075 35.7436
3.969 0.0823215 35.7545
3.97 0.0822357 35.7654
3.971 0.0821499 35.7763
3.972 0.0820643 35.7872
3.973 0.0819787 35.7981
3.974 0.0818932 35.8091
3.975 0.0818078 35.82
3.976 0.0817225 35.8309
3.977 0.0816374 35.8418
3.978 0.0815522 35.8527
3.979 0.0814672 35.8636
3.98 0.0813823 35.8745
3.981 0.0812975 35.8854
3.982 0.0812127 35.8963
3.983 0.0811281 35.9072
3.984 0.0810435 35.9181
3.985 0.0809591 35.929
3.986 0.0808747 35.9399
3.987 0.0807904 35.9508
3.988 0.0807062 35.9617
3.989 0.0806221 35.9726
3.99 0.0805381 35.9835
3.991 0.0804542 35.9944
3.992 0.0803704 36.0053
3.993 0.0802866 36.0162
3.994 0.080203 36.0271
3.995 0.0801194 36.0381
3.996 0.080036 36.049
3.997 0.0799526 36.0599
3.998 0.0798693 36.0708
3.999 0.0797861 36.0817
4 0.079703 36.0926
4.001 0.07962 36.1035
4.002 0.0795371 36.1144
4.003 0.0794542 36.1253
4.004 0.0793715 36.1362
4.005 0.0792888 36.1471
4.006 0.0792063 36.158
4.007 0.0791238 36.1689
4.008 0.0790414 36.1798
4.009 0.0789591 36.1907
4.01 0.0788769 36.2017
4.011 0.0787948 36.2126
4.012 0.0787127 36.2235
4.013 0.0786308 36.2344
4.014 0.0785489 36.2453
4.015 0.0784671 36.2562
4.016 0.0783855 36.2671
4.017 0.0783039 36.278
4.018 0.0782224 36.2889
4.019 0.0781409 36.2998
4.02 0.0780596 36.3107
4.021 0.0779784 36.3216
4.022 0.0778972 36.3325
4.023 0.0778162 36.3435
4.024 0.0777352 36.3544
4.025 0.0776543 36.3653
4.026 0.0775735 36.3762
4.027 0.0774928 36.3871
4.028 0.0774121 36.398
4.029 0.0773316 36.4089
4.03 0.0772511 36.4198
4.031 0.0771708 36.4307
4.032 0.0770905 36.4416
4.033 0.0770103 36.4525
4.034 0.0769302 36.4635
4.035 0.0768502 36.4744
4.036 0.0767702 36.4853
4.037 0.0766904 36.4962
4.038 0.0766106 36.5071
4.039 0.0765309 36.518
4.04 0.0764513 36.5289
4.041 0.0763718 36.5398
4.042 0.0762924 36.5507
4.043 0.0762131 36.5616
4.044 0.0761338 36.5726
4.045 0.0760546 36.5835
4.046 0.0759756 36.5944
4.047 0.0758966 36.6053
4.048 0.0758177 36.6162
4.049 0.0757388 36.6271
4.05 0.0756601 36.638
4.051 0.0755814 36.6489
4.052 0.0755029 36.6598
4.053 0.0754244 36.6708
4.054 0.075346 36.6817
4.055 0.0752677 36.6926
4.056 0.0751894 36.7035
4.057 0.0751113 36.7144
4.058 0.0750332 36.7253
4.059 0.0749552 36.7362
4.06 0.0748773 36.7471
4.061 0.0747995 36.758
4.062 0.0747218 36.769
4.063 0.0746441 36.7799
4.064 0.0745666 36.7908
4.065 0.0744891 36.8017
4.066 0.0744117 36.8126
4.067 0.0743344 36.8235
4.068 0.0742572 36.8344
4.069 0.07418 36.8453
4.07 0.074103 36.8563
4.071 0.074026 36.8672
4.072 0.0739491 36.8781
4.073 0.0738723 36.889
4.074 0.0737955 36.8999
4.075 0.0737189 36.9108
4.076 0.0736423 36.9217
4.077 0.0735658 36.9327
4.078 0.0734894 36.9436
4.079 0.0734131 36.9545
4.08 0.0733369 36.9654
4.081 0.0732607 36.9763
4.082 0.0731846 36.9872
4.083 0.0731086 36.9981
4.084 0.0730327 37.0091
4.085 0.0729569 37.02
4.086 0.0728812 37.0309
4.087 0.0728055 37.0418
4.088 0.0727299 37.0527
4.089 0.0726544 37.0636
4.09 0.072579 37.0745
4.091 0.0725036 37.0855
4.092 0.0724284 37.0964
4.093 0.0723532 37.1073
4.094 0.0722781 37.1182
4.095 0.0722031 37.1291
4.096 0.0721281 37.14
4.097 0.0720533 37.1509
4.098 0.0719785 37.1619
4.099 0.0719038 37.1728
4.1 0.0718292 37.1837
4.101 0.0717546 37.1946
4.102 0.0716802 37.2055
4.103 0.0716058 37.2164
4.104 0.0715315 37.2273
4.105 0.0714573 37.2383
4.106 0.0713831 37.2492
4.107 0.0713091 37.2601
4.108 0.0712351 37.271
4.109 0.0711612 37.2819
4.11 0.0710874 37.2928
4.111 0.0710136 37.3038
4.112 0.07094 37.3147
4.113 0.0708664 37.3256
4.114 0.0707929 37.3365
4.115 0.0707195 37.3474
4.116 0.0706461 37.3583
4.117 0.0705728 37.3693
4.118 0.0704997 37.3802
4.119 0.0704265 37.3911
4.12 0.0703535 37.402
4.121 0.0702806 37.4129
4.122 0.0702077 37.4238
4.123 0.0701349 37.4348
4.124 0.0700622 37.4457
4.125 0.0699895 37.4566
4.126 0.069917 37.4675
4.127 0.0698445 37.4784
4.128 0.0697721 37.4894
4.129 0.0696997 37.5003
4.13 0.0696275 37.5112
4.131 0.0695553 37.5221
4.132 0.0694832 37.533
4.133 0.0694112 37.5439
4.134 0.0693392 37.5549
4.135 0.0692674 37.5658
4.136 0.0691956 37.5767
4.137 0.0691238 37.5876
4.138 0.0690522 37.5985
4.139 0.0689806 37.6095
4.14 0.0689092 37.6204
4.141 0.0688378 37.6313
4.142 0.0687664 37.6422
4.143 0.0686952 37.6531
4.144 0.068624 37.6641
4.145 0.0685529 37.675
4.146 0.0684819 37.6859
4.147 0.0684109 37.6968
4.148 0.06834 37.7077
4.149 0.0682692 37.7186
4.15 0.0681985 37.7296
4.151 0.0681279 37.7405
4.152 0.0680573 37.7514
4.153 0.0679868 37.7623
4.154 0.0679164 37.7732
4.155 0.067846 37.7842
4.156 0.0677758 37.7951
4.157 0.0677056 37.806
4.158 0.0676354 37.8169
4.159 0.0675654 37.8278
4.16 0.0674954 37.8388
4.161 0.0674255 37.8497
4.162 0.0673557 37.8606
4.163 0.067286 37.8715
4.164 0.0672163 37.8825
4.165 0.0671467 37.8934
4.166 0.0670772 37.9043
4.167 0.0670077 37.9152
4.168 0.0669383 37.9261
4.169 0.066869 37.9371
4.17 0.0667998 37.948
4.171 0.0667307 37.9589
4.172 0.0666616 37.9698
4.173 0.0665926 37.9807
4.174 0.0665236 37.9917
4.175 0.0664548 38.0026
4.176 0.066386 38.0135
4.177 0.0663173 38.0244
4.178 0.0662487 38.0354
4.179 0.0661801 38.0463
4.18 0.0661116 38.0572
4.181 0.0660432 38.0681
4.182 0.0659748 38.079
4.183 0.0659066 38.09
4.184 0.0658384 38.1009
4.185 0.0657702 38.1118
4.186 0.0657022 38.1227
4.187 0.0656342 38.1337
4.188 0.0655663 38.1446
4.189 0.0654985 38.1555
4.19 0.0654307 38.1664
4.191 0.065363 38.1773
4.192 0.0652954 38.1883
4.193 0.0652279 38.1992
4.194 0.0651604 38.2101
4.195 0.065093 38.221
4.196 0.0650256 38.232
4.197 0.0649584 38.2429
4.198 0.0648912 38.2538
4.199 0.0648241 38.2647
4.2 0.064757 38.2757
4.201 0.0646901 38.2866
4.202 0.0646232 38.2975
4.203 0.0645563 38.3084
4.204 0.0644896 38.3193
4.205 0.0644229 38.3303
4.206 0.0643563 38.3412
4.207 0.0642897 38.3521
4.208 0.0642233 38.363
4.209 0.0641569 38.374
4.21 0.0640905 38.3849
4.211 0.0640243 38.3958
4.212 0.0639581 38.4067
4.213 0.063892 38.4177
4.214 0.0638259 38.4286
4.215 0.0637599 38.4395
4.216 0.063694 38.4504
4.217 0.0636282 38.4614
4.218 0.0635624 38.4723
4.219 0.0634967 38.4832
4.22 0.0634311 38.4941
4.221 0.0633655 38.5051
4.222 0.0633 38.516
4.223 0.0632346 38.5269
4.224 0.0631693 38.5378
4.225 0.063104 38.5488
4.226 0.0630388 38.5597
4.227 0.0629736 38.5706
4.228 0.0629086 38.5815
4.229 0.0628436 38.5925
4.23 0.0627786 38.6034
4.231 0.0627138 38.6143
4.232 0.062649 38.6252
4.233 0.0625843 38.6362
4.234 0.0625196 38.6471
4.235 0.062455 38.658
4.236 0.0623905 38.669
4.237 0.062326 38.6799
4.238 0.0622617 38.6908
4.239 0.0621973 38.7017
4.24 0.0621331 38.7127
4.241 0.0620689 38.7236
4.242 0.0620048 38.7345
4.243 0.0619408 38.7454
4.244 0.0618768 38.7564
4.245 0.0618129 38.7673
4.246 0.0617491 38.7782
4.247 0.0616853 38.7891
4.248 0.0616216 38.8001
4.249 0.061558 38.811
4.25 0.0614944 38.8219
4.251 0.0614309 38.8329
4.252 0.0613675 38.8438
4.253 0.0613041 38.8547
4.254 0.0612408 38.8656
4.255 0.0611776 38.8766
4.256 0.0611144 38.8875
4.257 0.0610513 38.8984
4.258 0.0609883 38.9094
4.259 0.0609254 38.9203
4.26 0.0608625 38.9312
4.261 0.0607996 38.9421
4.262 0.0607369 38.9531
4.263 0.0606742 38.964
4.264 0.0606116 38.9749
4.265 0.060549 38.9859
4.266 0.0604865 38.9968
4.267 0.0604241 39.0077
4.268 0.0603617 39.0186
4.269 0.0602994 39.0296
4.27 0.0602372 39.0405
4.271 0.060175 39.0514
4.272 0.060113 39.0624
4.273 0.0600509 39.0733
4.274 0.059989 39.0842
4.275 0.0599271 39.0951
4.276 0.0598652 39.1061
4.277 0.0598035 39.117
4.278 0.0597418 39.1279
4.279 0.0596801 39.1389
4.28 0.0596186 39.1498
4.281 0.0595571 39.1607
4.282 0.0594956 39.1716
4.283 0.0594342 39.1826
4.284 0.0593729 39.1935
4.285 0.0593117 39.2044
4.286 0.0592505 39.2154
4.287 0.0591894 39.2263
4.288 0.0591284 39.2372
4.289 0.0590674 39.2482
4.29 0.0590065 39.2591
4.291 0.0589456 39.27
4.292 0.0588848 39.2809
4.293 0.0588241 39.2919
4.294 0.0587634 39.3028
4.295 0.0587028 39.3137
4.296 0.0586423 39.3247
4.297 0.0585818 39.3356
4.298 0.0585214 39.3465
4.299 0.0584611 39.3575
4.3 0.0584008 39.3684
4.301 0.0583406 39.3793
4.302 0.0582805 39.3903
4.303 0.0582204 39.4012
4.304 0.0581604 39.4121
4.305 0.0581004 39.4231
4.306 0.0580405 39.434
4.307 0.0579807 39.4449
4.308 0.0579209 39.4558
4.309 0.0578612 39.4668
4.31 0.0578016 39.4777
4.311 0.057742 39.4886
4.312 0.0576825 39.4996
4.313 0.057623 39.5105
4.314 0.0575636 39.5214
4.315 0.0575043 39.5324
4.316 0.0574451 39.5433
4.317 0.0573859 39.5542
4.318 0.0573267 39.5652
4.319 0.0572676 39.5761
4.32 0.0572086 39.587
4.321 0.0571497 39.598
4.322 0.0570908 39.6089
4.323 0.057032 39.6198
4.324 0.0569732 39.6308
4.325 0.0569145 39.6417
4.326 0.0568559 39.6526
4.327 0.0567973 39.6636
4.328 0.0567388 39.6745
4.329 0.0566804 39.6854
4.33 0.056622 39.6964
4.331 0.0565636 39.7073
4.332 0.0565054 39.7182
4.333 0.0564472 39.7292
4.334 0.056389 39.7401
4.335 0.0563309 39.751
4.336 0.0562729 39.762
4.337 0.056215 39.7729
4.338 0.0561571 39.7838
4.339 0.0560992 39.7948
4.34 0.0560415 39.8057
4.341 0.0559838 39.8166
4.342 0.0559261 39.8276
4.343 0.0558685 39.8385
4.344 0.055811 39.8494
4.345 0.0557535 39.8604
4.346 0.0556961 39.8713
4.347 0.0556388 39.8822
4.348 0.0555815 39.8932
4.349 0.0555243 39.9041
4.35 0.0554671 39.915
4.351 0.05541 39.926
4.352 0.0553529 39.9369
4.353 0.055296 39.9478
4.354 0.055239 39.9588
4.355 0.0551822 39.9697
4.356 0.0551254 39.9806
4.357 0.0550686 39.9916
4.358 0.0550119 40.0025
4.359 0.0549553 40.0134
4.36 0.0548988 40.0244
4.361 0.0548423 40.0353
4.362 0.0547858 40.0463
4.363 0.0547294 40.0572
4.364 0.0546731 40.0681
4.365 0.0546168 40.0791
4.366 0.0545606 40.09
4.367 0.0545045 40.1009
4.368 0.0544484 40.1119
4.369 0.0543924 40.1228
4.37 0.0543364 40.1337
4.371 0.0542805 40.1447
4.372 0.0542247 40.1556
4.373 0.0541689 40.1665
4.374 0.0541131 40.1775
4.375 0.0540575 40.1884
4.376 0.0540018 40.1994
4.377 0.0539463 40.2103
4.378 0.0538908 40.2212
4.379 0.0538354 40.2322
4.38 0.05378 40.2431
4.381 0.0537247 40.254
4.382 0.0536694 40.265
4.383 0.0536142 40.2759
4.384 0.053559 40.2868
4.385 0.053504 40.2978
4.386 0.0534489 40.3087
4.387 0.053394 40.3197
4.388 0.053339 40.3306
4.389 0.0532842 40.3415
4.39 0.0532294 40.3525
4.391 0.0531747 40.3634
4.392 0.05312 40.3743
4.393 0.0530653 40.3853
4.394 0.0530108 40.3962
4.395 0.0529563 40.4072
4.396 0.0529018 40.4181
4.397 0.0528474 40.429
4.398 0.0527931 40.44
4.399 0.0527388 40.4509
4.4 0.0526846 40.4618
4.401 0.0526304 40.4728
4.402 0.0525763 40.4837
4.403 0.0525223 40.4947
4.404 0.0524683 40.5056
4.405 0.0524143 40.5165
4.406 0.0523605 40.5275
4.407 0.0523066 40.5384
4.408 0.0522529 40.5493
4.409 0.0521992 40.5603
4.41 0.0521455 40.5712
4.411 0.0520919 40.5822
4.412 0.0520384 40.5931
4.413 0.0519849 40.604
4.414 0.0519315 40.615
4.415 0.0518781 40.6259
4.416 0.0518248 40.6369
4.417 0.0517715 40.6478
4.418 0.0517183 40.6587
4.419 0.0516652 40.6697
4.42 0.0516121 40.6806
4.421 0.051559 40.6915
4.422 0.0515061 40.7025
4.423 0.0514532 40.7134
4.424 0.0514003 40.7244
4.425 0.0513475 40.7353
4.426 0.0512947 40.7462
4.427 0.051242 40.7572
4.428 0.0511894 40.7681
4.429 0.0511368 40.7791
4.43 0.0510843 40.79
4.431 0.0510318 40.8009
4.432 0.0509794 40.8119
4.433 0.050927 40.8228
4.434 0.0508747 40.8338
4.435 0.0508224 40.8447
4.436 0.0507702 40.8556
4.437 0.0507181 40.8666
4.438 0.050666 40.8775
4.439 0.0506139 40.8885
4.44 0.050562 40.8994
4.441 0.05051 40.9103
4.442 0.0504582 40.9213
4.443 0.0504063 40.9322
4.444 0.0503546 40.9432
4.445 0.0503029 40.9541
4.446 0.0502512 40.965
4.447 0.0501996 40.976
4.448 0.0501481 40.9869
4.449 0.0500966 40.9979
4.45 0.0500451 41.0088
4.451 0.0499938 41.0197
4.452 0.0499424 41.0307
4.453 0.0498912 41.0416
4.454 0.0498399 41.0526
4.455 0.0497888 41.0635
4.456 0.0497377 41.0744
4.457 0.0496866 41.0854
4.458 0.0496356 41.0963
4.459 0.0495846 41.1073
4.46 0.0495337 41.1182
4.461 0.0494829 41.1292
4.462 0.0494321 41.1401
4.463 0.0493814 41.151
4.464 0.0493307 41.162
4.465 0.0492801 41.1729
4.466 0.0492295 41.1839
4.467 0.0491789 41.1948
4.468 0.0491285 41.2057
4.469 0.0490781 41.2167
4.47 0.0490277 41.2276
4.471 0.0489774 41.2386
4.472 0.0489271 41.2495
4.473 0.0488769 41.2605
4.474 0.0488268 41.2714
4.475 0.0487767 41.2823
4.476 0.0487266 41.2933
4.477 0.0486766 41.3042
4.478 0.0486267 41.3152
4.479 0.0485768 41.3261
4.48 0.0485269 41.3371
4.481 0.0484772 41.348
4.482 0.0484274 41.3589
4.483 0.0483777 41.3699
4.484 0.0483281 41.3808
4.485 0.0482785 41.3918
4.486 0.048229 41.4027
4.487 0.0481795 41.4137
4.488 0.0481301 41.4246
4.489 0.0480807 41.4355
4.49 0.0480314 41.4465
4.491 0.0479822 41.4574
4.492 0.0479329 41.4684
4.493 0.0478838 41.4793
4.494 0.0478347 41.4903
4.495 0.0477856 41.5012
4.496 0.0477366 41.5121
4.497 0.0476877 41.5231
4.498 0.0476387 41.534
4.499 0.0475899 41.545
4.5 0.0475411 41.5559
4.501 0.0474923 41.5669
4.502 0.0474436 41.5778
4.503 0.047395 41.5887
4.504 0.0473464 41.5997
4.505 0.0472978 41.6106
4.506 0.0472494 41.6216
4.507 0.0472009 41.6325
4.508 0.0471525 41.6435
4.509 0.0471042 41.6544
4.51 0.0470559 41.6654
4.511 0.0470076 41.6763
4.512 0.0469595 41.6872
4.513 0.0469113 41.6982
4.514 0.0468632 41.7091
4.515 0.0468152 41.7201
4.516 0.0467672 41.731
4.517 0.0467193 41.742
4.518 0.0466714 41.7529
4.519 0.0466235 41.7639
4.52 0.0465757 41.7748
4.521 0.046528 41.7857
4.522 0.0464803 41.7967
4.523 0.0464327 41.8076
4.524 0.0463851 41.8186
4.525 0.0463376 41.8295
4.526 0.0462901 41.8405
4.527 0.0462426 41.8514
4.528 0.0461952 41.8624
4.529 0.0461479 41.8733
4.53 0.0461006 41.8843
4.531 0.0460534 41.8952
4.532 0.0460062 41.9061
4.533 0.045959 41.9171
4.534 0.045912 41.928
4.535 0.0458649 41.939
4.536 0.0458179 41.9499
4.537 0.045771 41.9609
4.538 0.0457241 41.9718
4.539 0.0456772 41.9828
4.54 0.0456304 41.9937
4.541 0.0455837 42.0047
4.542 0.045537 42.0156
4.543 0.0454904 42.0265
4.544 0.0454438 42.0375
4.545 0.0453972 42.0484
4.546 0.0453507 42.0594
4.547 0.0453043 42.0703
4.548 0.0452578 42.0813
4.549 0.0452115 42.0922
4.55 0.0451652 42.1032
4.551 0.0451189 42.1141
4.552 0.0450727 42.1251
4.553 0.0450266 42.136
4.554 0.0449804 42.147
4.555 0.0449344 42.1579
4.556 0.0448884 42.1689
4.557 0.0448424 42.1798
4.558 0.0447965 42.1907
4.559 0.0447506 42.2017
4.56 0.0447048 42.2126
4.561 0.044659 42.2236
4.562 0.0446133 42.2345
4.563 0.0445676 42.2455
4.564 0.044522 42.2564
4.565 0.0444764 42.2674
4.566 0.0444308 42.2783
4.567 0.0443853 42.2893
4.568 0.0443399 42.3002
4.569 0.0442945 42.3112
4.57 0.0442492 42.3221
4.571 0.0442039 42.3331
4.572 0.0441586 42.344
4.573 0.0441134 42.355
4.574 0.0440683 42.3659
4.575 0.0440231 42.3769
4.576 0.0439781 42.3878
4.577 0.0439331 42.3987
4.578 0.0438881 42.4097
4.579 0.0438432 42.4206
4.58 0.0437983 42.4316
4.581 0.0437535 42.4425
4.582 0.0437087 42.4535
4.583 0.043664 42.4644
4.584 0.0436193 42.4754
4.585 0.0435746 42.4863
4.586 0.04353 42.4973
4.587 0.0434855 42.5082
4.588 0.043441 42.5192
4.589 0.0433965 42.5301
4.59 0.0433521 42.5411
4.591 0.0433078 42.552
4.592 0.0432635 42.563
4.593 0.0432192 42.5739
4.594 0.043175 42.5849
4.595 0.0431308 42.5958
4.596 0.0430867 42.6068
4.597 0.0430426 42.6177
4.598 0.0429985 42.6287
4.599 0.0429546 42.6396
4.6 0.0429106 42.6506
4.601 0.0428667 42.6615
4.602 0.0428229 42.6725
4.603 0.0427791 42.6834
4.604 0.0427353 42.6944
4.605 0.0426916 42.7053
4.606 0.0426479 42.7163
4.607 0.0426043 42.7272
4.608 0.0425607 42.7382
4.609 0.0425172 42.7491
4.61 0.0424737 42.7601
4.611 0.0424302 42.771
4.612 0.0423868 42.782
4.613 0.0423435 42.7929
4.614 0.0423002 42.8039
4.615 0.0422569 42.8148
4.616 0.0422137 42.8258
4.617 0.0421705 42.8367
4.618 0.0421274 42.8477
4.619 0.0420843 42.8586
4.62 0.0420413 42.8696
4.621 0.0419983 42.8805
4.622 0.0419554 42.8915
4.623 0.0419125 42.9024
4.624 0.0418696 42.9134
4.625 0.0418268 42.9243
4.626 0.041784 42.9353
4.627 0.0417413 42.9462
4.628 0.0416986 42.9572
4.629 0.041656 42.9681
4.63 0.0416134 42.9791
4.631 0.0415709 42.99
4.632 0.0415284 43.001
4.633 0.0414859 43.0119
4.634 0.0414435 43.0229
4.635 0.0414011 43.0338
4.636 0.0413588 43.0448
4.637 0.0413165 43.0557
4.638 0.0412743 43.0667
4.639 0.0412321 43.0776
4.64 0.04119 43.0886
4.641 0.0411479 43.0995
4.642 0.0411058 43.1105
4.643 0.0410638 43.1214
4.644 0.0410218 43.1324
4.645 0.0409799 43.1433
4.646 0.040938 43.1543
4.647 0.0408962 43.1652
4.648 0.0408544 43.1762
4.649 0.0408126 43.1871
4.65 0.0407709 43.1981
4.651 0.0407293 43.209
4.652 0.0406876 43.22
4.653 0.0406461 43.2309
4.654 0.0406045 43.2419
4.655 0.040563 43.2528
4.656 0.0405216 43.2638
4.657 0.0404802 43.2747
4.658 0.0404388 43.2857
4.659 0.0403975 43.2966
4.66 0.0403562 43.3076
4.661 0.040315 43.3186
4.662 0.0402738 43.3295
4.663 0.0402327 43.3405
4.664 0.0401916 43.3514
4.665 0.0401505 43.3624
4.666 0.0401095 43.3733
4.667 0.0400685 43.3843
4.668 0.0400276 43.3952
4.669 0.0399867 43.4062
4.67 0.0399458 43.4171
4.671 0.039905 43.4281
4.672 0.0398643 43.439
4.673 0.0398236 43.45
4.674 0.0397829 43.4609
4.675 0.0397423 43.4719
4.676 0.0397017 43.4828
4.677 0.0396611 43.4938
4.678 0.0396206 43.5047
4.679 0.0395801 43.5157
4.68 0.0395397 43.5267
4.681 0.0394993 43.5376
4.682 0.039459 43.5486
4.683 0.0394187 43.5595
4.684 0.0393784 43.5705
4.685 0.0393382 43.5814
4.686 0.0392981 43.5924
4.687 0.0392579 43.6033
4.688 0.0392178 43.6143
4.689 0.0391778 43.6252
4.69 0.0391378 43.6362
4.691 0.0390978 43.6471
4.692 0.0390579 43.6581
4.693 0.039018 43.669
4.694 0.0389782 43.68
4.695 0.0389384 43.691
4.696 0.0388987 43.7019
4.697 0.0388589 43.7129
4.698 0.0388193 43.7238
4.699 0.0387796 43.7348
4.7 0.0387401 43.7457
4.701 0.0387005 43.7567
4.702 0.038661 43.7676
4.703 0.0386215 43.7786
4.704 0.0385821 43.7895
4.705 0.0385427 43.8005
4.706 0.0385034 43.8114
4.707 0.0384641 43.8224
4.708 0.0384248 43.8334
4.709 0.0383856 43.8443
4.71 0.0383464 43.8553
4.711 0.0383073 43.8662
4.712 0.0382682 43.8772
4.713 0.0382291 43.8881
4.714 0.0381901 43.8991
4.715 0.0381511 43.91
4.716 0.0381122 43.921
4.717 0.0380733 43.9319
4.718 0.0380345 43.9429
4.719 0.0379957 43.9539
4.72 0.0379569 43.9648
4.721 0.0379181 43.9758
4.722 0.0378795 43.9867
4.723 0.0378408 43.9977
4.724 0.0378022 44.0086
4.725 0.0377636 44.0196
4.726 0.0377251 44.0305
4.727 0.0376866 44.0415
4.728 0.0376481 44.0525
4.729 0.0376097 44.0634
4.73 0.0375714 44.0744
4.731 0.037533 44.0853
4.732 0.0374947 44.0963
4.733 0.0374565 44.1072
4.734 0.0374183 44.1182
4.735 0.0373801 44.1291
4.736 0.037342 44.1401
4.737 0.0373039 44.1511
4.738 0.0372658 44.162
4.739 0.0372278 44.173
4.74 0.0371898 44.1839
4.741 0.0371519 44.1949
4.742 0.037114 44.2058
4.743 0.0370762 44.2168
4.744 0.0370383 44.2277
4.745 0.0370006 44.2387
4.746 0.0369628 44.2497
4.747 0.0369251 44.2606
4.748 0.0368875 44.2716
4.749 0.0368499 44.2825
4.75 0.0368123 44.2935
4.751 0.0367747 44.3044
4.752 0.0367372 44.3154
4.753 0.0366998 44.3264
4.754 0.0366623 44.3373
4.755 0.036625 44.3483
4.756 0.0365876 44.3592
4.757 0.0365503 44.3702
4.758 0.036513 44.3811
4.759 0.0364758 44.3921
4.76 0.0364386 44.403
4.761 0.0364014 44.414
4.762 0.0363643 44.425
4.763 0.0363273 44.4359
4.764 0.0362902 44.4469
4.765 0.0362532 44.4578
4.766 0.0362163 44.4688
4.767 0.0361793 44.4797
4.768 0.0361425 44.4907
4.769 0.0361056 44.5017
4.77 0.0360688 44.5126
4.771 0.036032 44.5236
4.772 0.0359953 44.5345
4.773 0.0359586 44.5455
4.774 0.035922 44.5564
4.775 0.0358853 44.5674
4.776 0.0358488 44.5784
4.777 0.0358122 44.5893
4.778 0.0357757 44.6003
4.779 0.0357392 44.6112
4.78 0.0357028 44.6222
4.781 0.0356664 44.6331
4.782 0.0356301 44.6441
4.783 0.0355938 44.6551
4.784 0.0355575 44.666
4.785 0.0355212 44.677
4.786 0.035485 44.6879
4.787 0.0354489 44.6989
4.788 0.0354128 44.7099
4.789 0.0353767 44.7208
4.79 0.0353406 44.7318
4.791 0.0353046 44.7427
4.792 0.0352686 44.7537
4.793 0.0352327 44.7646
4.794 0.0351968 44.7756
4.795 0.0351609 44.7866
4.796 0.0351251 44.7975
4.797 0.0350893 44.8085
4.798 0.0350536 44.8194
4.799 0.0350178 44.8304
4.8 0.0349822 44.8414
4.801 0.0349465 44.8523
4.802 0.0349109 44.8633
4.803 0.0348753 44.8742
4.804 0.0348398 44.8852
4.805 0.0348043 44.8961
4.806 0.0347689 44.9071
4.807 0.0347334 44.9181
4.808 0.0346981 44.929
4.809 0.0346627 44.94
4.81 0.0346274 44.9509
4.811 0.0345921 44.9619
4.812 0.0345569 44.9729
4.813 0.0345217 44.9838
4.814 0.0344865 44.9948
4.815 0.0344514 45.0057
4.816 0.0344163 45.0167
4.817 0.0343813 45.0277
4.818 0.0343462 45.0386
4.819 0.0343113 45.0496
4.82 0.0342763 45.0605
4.821 0.0342414 45.0715
4.822 0.0342065 45.0824
4.823 0.0341717 45.0934
4.824 0.0341369 45.1044
4.825 0.0341021 45.1153
4.826 0.0340674 45.1263
4.827 0.0340327 45.1372
4.828 0.033998 45.1482
4.829 0.0339634 45.1592
4.83 0.0339288 45.1701
4.831 0.0338943 45.1811
4.832 0.0338598 45.192
4.833 0.0338253 45.203
4.834 0.0337909 45.214
4.835 0.0337565 45.2249
4.836 0.0337221 45.2359
4.837 0.0336877 45.2468
4.838 0.0336534 45.2578
4.839 0.0336192 45.2688
4.84 0.033585 45.2797
4.841 0.0335508 45.2907
4.842 0.0335166 45.3016
4.843 0.0334825 45.3126
4.844 0.0334484 45.3236
4.845 0.0334143 45.3345
4.846 0.0333803 45.3455
4.847 0.0333463 45.3564
4.848 0.0333124 45.3674
4.849 0.0332785 45.3784
4.85 0.0332446 45.3893
4.851 0.0332108 45.4003
4.852 0.033177 45.4112
4.853 0.0331432 45.4222
4.854 0.0331095 45.4332
4.855 0.0330758 45.4441
4.856 0.0330421 45.4551
4.857 0.0330085 45.4661
4.858 0.0329749 45.477
4.859 0.0329413 45.488
4.86 0.0329078 45.4989
4.861 0.0328743 45.5099
4.862 0.0328408 45.5209
4.863 0.0328074 45.5318
4.864 0.032774 45.5428
4.865 0.0327407 45.5537
4.866 0.0327074 45.5647
4.867 0.0326741 45.5757
4.868 0.0326408 45.5866
4.869 0.0326076 45.5976
4.87 0.0325744 45.6085
4.871 0.0325413 45.6195
4.872 0.0325082 45.6305
4.873 0.0324751 45.6414
4.874 0.032442 45.6524
4.875 0.032409 45.6634
4.876 0.0323761 45.6743
4.877 0.0323431 45.6853
4.878 0.0323102 45.6962
4.879 0.0322773 45.7072
4.88 0.0322445 45.7182
4.881 0.0322117 45.7291
4.882 0.0321789 45.7401
4.883 0.0321462 45.751
4.884 0.0321135 45.762
4.885 0.0320808 45.773
4.886 0.0320482 45.7839
4.887 0.0320156 45.7949
4.888 0.031983 45.8059
4.889 0.0319505 45.8168
4.89 0.031918 45.8278
4.891 0.0318855 45.8387
4.892 0.0318531 45.8497
4.893 0.0318207 45.8607
4.894 0.0317883 45.8716
4.895 0.031756 45.8826
4.896 0.0317237 45.8935
4.897 0.0316914 45.9045
4.898 0.0316592 45.9155
4.899 0.031627 45.9264
4.9 0.0315948 45.9374
4.901 0.0315627 45.9484
4.902 0.0315306 45.9593
4.903 0.0314985 45.9703
4.904 0.0314665 45.9812
4.905 0.0314345 45.9922
4.906 0.0314025 46.0032
4.907 0.0313706 46.0141
4.908 0.0313387 46.0251
4.909 0.0313068 46.0361
4.91 0.031275 46.047
4.911 0.0312432 46.058
4.912 0.0312114 46.069
4.913 0.0311797 46.0799
4.914 0.0311479 46.0909
4.915 0.0311163 46.1018
4.916 0.0310846 46.1128
4.917 0.031053 46.1238
4.918 0.0310215 46.1347
4.919 0.0309899 46.1457
4.92 0.0309584 46.1567
4.921 0.0309269 46.1676
4.922 0.0308955 46.1786
4.923 0.0308641 46.1895
4.924 0.0308327 46.2005
4.925 0.0308014 46.2115
4.926 0.03077 46.2224
4.927 0.0307388 46.2334
4.928 0.0307075 46.2444
4.929 0.0306763 46.2553
4.93 0.0306451 46.2663
4.931 0.030614 46.2773
4.932 0.0305828 46.2882
4.933 0.0305518 46.2992
4.934 0.0305207 46.3101
4.935 0.0304897 46.3211
4.936 0.0304587 46.3321
4.937 0.0304277 46.343
4.938 0.0303968 46.354
4.939 0.0303659 46.365
4.94 0.030335 46.3759
4.941 0.0303042 46.3869
4.942 0.0302734 46.3979
4.943 0.0302426 46.4088
4.944 0.0302119 46.4198
4.945 0.0301812 46.4307
4.946 0.0301505 46.4417
4.947 0.0301199 46.4527
4.948 0.0300893 46.4636
4.949 0.0300587 46.4746
4.95 0.0300282 46.4856
4.951 0.0299976 46.4965
4.952 0.0299672 46.5075
4.953 0.0299367 46.5185
4.954 0.0299063 46.5294
4.955 0.0298759 46.5404
4.956 0.0298455 46.5514
4.957 0.0298152 46.5623
4.958 0.0297849 46.5733
4.959 0.0297547 46.5842
4.96 0.0297244 46.5952
4.961 0.0296942 46.6062
4.962 0.0296641 46.6171
4.963 0.0296339 46.6281
4.964 0.0296038 46.6391
4.965 0.0295737 46.65
4.966 0.0295437 46.661
4.967 0.0295137 46.672
4.968 0.0294837 46.6829
4.969 0.0294537 46.6939
4.97 0.0294238 46.7049
4.971 0.0293939 46.7158
4.972 0.0293641 46.7268
4.973 0.0293342 46.7378
4.974 0.0293044 46.7487
4.975 0.0292747 46.7597
4.976 0.0292449 46.7707
4.977 0.0292152 46.7816
4.978 0.0291856 46.7926
4.979 0.0291559 46.8035
4.98 0.0291263 46.8145
4.981 0.0290967 46.8255
4.982 0.0290672 46.8364
4.983 0.0290376 46.8474
4.984 0.0290081 46.8584
4.985 0.0289787 46.8693
4.986 0.0289492 46.8803
4.987 0.0289198 46.8913
4.988 0.0288905 46.9022
4.989 0.0288611 46.9132
4.99 0.0288318 46.9242
4.991 0.0288025 46.9351
4.992 0.0287733 46.9461
4.993 0.0287441 46.9571
4.994 0.0287149 46.968
4.995 0.0286857 46.979
4.996 0.0286566 46.99
4.997 0.0286275 47.0009
4.998 0.0285984 47.0119
4.999 0.0285694 47.0229
5 0.0285404 47.0338
5.001 0.0285114 47.0448
5.002 0.0284824 47.0558
5.003 0.0284535 47.0667
5.004 0.0284246 47.0777
5.005 0.0283958 47.0887
5.006 0.0283669 47.0996
5.007 0.0283381 47.1106
5.008 0.0283094 47.1216
5.009 0.0282806 47.1325
5.01 0.0282519 47.1435
5.011 0.0282232 47.1545
5.012 0.0281946 47.1654
5.013 0.028166 47.1764
5.014 0.0281374 47.1874
5.015 0.0281088 47.1983
5.016 0.0280803 47.2093
5.017 0.0280518 47.2203
5.018 0.0280233 47.2312
5.019 0.0279948 47.2422
5.02 0.0279664 47.2532
5.021 0.027938 47.2641
5.022 0.0279097 47.2751
5.023 0.0278813 47.2861
5.024 0.027853 47.297
5.025 0.0278248 47.308
5.026 0.0277965 47.319
5.027 0.0277683 47.3299
5.028 0.0277401 47.3409
5.029 0.027712 47.3519
5.03 0.0276838 47.3628
5.031 0.0276558 47.3738
5.032 0.0276277 47.3848
5.033 0.0275996 47.3957
5.034 0.0275716 47.4067
5.035 0.0275437 47.4177
5.036 0.0275157 47.4286
5.037 0.0274878 47.4396
5.038 0.0274599 47.4506
5.039 0.027432 47.4615
5.04 0.0274042 47.4725
5.041 0.0273764 47.4835
5.042 0.0273486 47.4944
5.043 0.0273208 47.5054
5.044 0.0272931 47.5164
5.045 0.0272654 47.5273
5.046 0.0272377 47.5383
5.047 0.0272101 47.5493
5.048 0.0271825 47.5602
5.049 0.0271549 47.5712
5.05 0.0271274 47.5822
5.051 0.0270998 47.5931
5.052 0.0270723 47.6041
5.053 0.0270449 47.6151
5.054 0.0270174 47.626
5.055 0.02699 47.637
5.056 0.0269626 47.648
5.057 0.0269353 47.6589
5.058 0.026908 47.6699
5.059 0.0268807 47.6809
5.06 0.0268534 47.6918
5.061 0.0268262 47.7028
5.062 0.0267989 47.7138
5.063 0.0267718 47.7248
5.064 0.0267446 47.7357
5.065 0.0267175 47.7467
5.066 0.0266904 47.7577
5.067 0.0266633 47.7686
5.068 0.0266362 47.7796
5.069 0.0266092 47.7906
5.07 0.0265822 47.8015
5.071 0.0265553 47.8125
5.072 0.0265283 47.8235
5.073 0.0265014 47.8344
5.074 0.0264745 47.8454
5.075 0.0264477 47.8564
5.076 0.0264209 47.8673
5.077 0.0263941 47.8783
5.078 0.0263673 47.8893
5.079 0.0263406 47.9002
5.08 0.0263138 47.9112
5.081 0.0262872 47.9222
5.082 0.0262605 47.9332
5.083 0.0262339 47.9441
5.084 0.0262073 47.9551
5.085 0.0261807 47.9661
5.086 0.0261541 47.977
5.087 0.0261276 47.988
5.088 0.0261011 47.999
5.089 0.0260746 48.0099
5.09 0.0260482 48.0209
5.091 0.0260218 48.0319
5.092 0.0259954 48.0428
5.093 0.025969 48.0538
5.094 0.0259427 48.0648
5.095 0.0259164 48.0757
5.096 0.0258901 48.0867
5.097 0.0258639 48.0977
5.098 0.0258376 48.1087
5.099 0.0258114 48.1196
5.1 0.0257853 48.1306
5.101 0.0257591 48.1416
5.102 0.025733 48.1525
5.103 0.0257069 48.1635
5.104 0.0256809 48.1745
5.105 0.0256548 48.1854
5.106 0.0256288 48.1964
5.107 0.0256028 48.2074
5.108 0.0255769 48.2184
5.109 0.0255509 48.2293
5.11 0.025525 48.2403
5.111 0.0254992 48.2513
5.112 0.0254733 48.2622
5.113 0.0254475 48.2732
5.114 0.0254217 48.2842
5.115 0.0253959 48.2951
5.116 0.0253702 48.3061
5.117 0.0253445 48.3171
5.118 0.0253188 48.328
5.119 0.0252931 48.339
5.12 0.0252675 48.35
5.121 0.0252419 48.361
5.122 0.0252163 48.3719
5.123 0.0251907 48.3829
5.124 0.0251652 48.3939
5.125 0.0251397 48.4048
5.126 0.0251142 48.4158
5.127 0.0250887 48.4268
5.128 0.0250633 48.4377
5.129 0.0250379 48.4487
5.13 0.0250125 48.4597
5.131 0.0249872 48.4707
5.132 0.0249619 48.4816
5.133 0.0249366 48.4926
5.134 0.0249113 48.5036
5.135 0.024886 48.5145
5.136 0.0248608 48.5255
5.137 0.0248356 48.5365
5.138 0.0248105 48.5475
5.139 0.0247853 48.5584
5.14 0.0247602 48.5694
5.141 0.0247351 48.5804
5.142 0.02471 48.5913
5.143 0.024685 48.6023
5.144 0.02466 48.6133
5.145 0.024635 48.6242
5.146 0.02461 48.6352
5.147 0.0245851 48.6462
5.148 0.0245602 48.6572
5.149 0.0245353 48.6681
5.15 0.0245105 48.6791
5.151 0.0244856 48.6901
5.152 0.0244608 48.701
5.153 0.024436 48.712
5.154 0.0244113 48.723
5.155 0.0243865 48.734
5.156 0.0243618 48.7449
5.157 0.0243371 48.7559
5.158 0.0243125 48.7669
5.159 0.0242879 48.7778
5.16 0.0242633 48.7888
5.161 0.0242387 48.7998
5.162 0.0242141 48.8107
5.163 0.0241896 48.8217
5.164 0.0241651 48.8327
5.165 0.0241406 48.8437
5.166 0.0241162 48.8546
5.167 0.0240917 48.8656
5.168 0.0240673 48.8766
5.169 0.0240429 48.8875
5.17 0.0240186 48.8985
5.171 0.0239943 48.9095
5.172 0.0239699 48.9205
5.173 0.0239457 48.9314
5.174 0.0239214 48.9424
5.175 0.0238972 48.9534
5.176 0.023873 48.9643
5.177 0.0238488 48.9753
5.178 0.0238246 48.9863
5.179 0.0238005 48.9973
5.18 0.0237764 49.0082
5.181 0.0237523 49.0192
5.182 0.0237283 49.0302
5.183 0.0237042 49.0412
5.184 0.0236802 49.0521
5.185 0.0236562 49.0631
5.186 0.0236323 49.0741
5.187 0.0236084 49.085
5.188 0.0235844 49.096
5.189 0.0235606 49.107
5.19 0.0235367 49.118
5.191 0.0235129 49.1289
5.192 0.0234891 49.1399
5.193 0.0234653 49.1509
5.194 0.0234415 49.1618
5.195 0.0234178 49.1728
5.196 0.0233941 49.1838
5.197 0.0233704 49.1948
5.198 0.0233467 49.2057
5.199 0.0233231 49.2167
5.2 0.0232995 49.2277
5.201 0.0232759 49.2386
5.202 0.0232523 49.2496
5.203 0.0232287 49.2606
5.204 0.0232052 49.2716
5.205 0.0231817 49.2825
5.206 0.0231583 49.2935
5.207 0.0231348 49.3045
5.208 0.0231114 49.3155
5.209 0.023088 49.3264
5.21 0.0230646 49.3374
5.211 0.0230413 49.3484
5.212 0.0230179 49.3593
5.213 0.0229946 49.3703
5.214 0.0229714 49.3813
5.215 0.0229481 49.3923
5.216 0.0229249 49.4032
5.217 0.0229017 49.4142
5.218 0.0228785 49.4252
5.219 0.0228553 49.4362
5.22 0.0228322 49.4471
5.221 0.0228091 49.4581
5.222 0.022786 49.4691
5.223 0.0227629 49.48
5.224 0.0227399 49.491
5.225 0.0227169 49.502
5.226 0.0226939 49.513
5.227 0.0226709 49.5239
5.228 0.0226479 49.5349
5.229 0.022625 49.5459
5.23 0.0226021 49.5569
5.231 0.0225792 49.5678
5.232 0.0225564 49.5788
5.233 0.0225336 49.5898
5.234 0.0225107 49.6007
5.235 0.022488 49.6117
5.236 0.0224652 49.6227
5.237 0.0224425 49.6337
5.238 0.0224197 49.6446
5.239 0.0223971 49.6556
5.24 0.0223744 49.6666
5.241 0.0223517 49.6776
5.242 0.0223291 49.6885
5.243 0.0223065 49.6995
5.244 0.022284 49.7105
5.245 0.0222614 49.7215
5.246 0.0222389 49.7324
5.247 0.0222164 49.7434
5.248 0.0221939 49.7544
5.249 0.0221714 49.7653
5.25 0.022149 49.7763
5.251 0.0221266 49.7873
5.252 0.0221042 49.7983
5.253 0.0220818 49.8092
5.254 0.0220595 49.8202
5.255 0.0220372 49.8312
5.256 0.0220149 49.8422
5.257 0.0219926 49.8531
5.258 0.0219703 49.8641
5.259 0.0219481 49.8751
5.26 0.0219259 49.8861
5.261 0.0219037 49.897
5.262 0.0218815 49.908
5.263 0.0218594 49.919
5.264 0.0218373 49.93
5.265 0.0218152 49.9409
5.266 0.0217931 49.9519
5.267 0.0217711 49.9629
5.268 0.021749 49.9738
5.269 0.021727 49.9848
5.27 0.0217051 49.9958
5.271 0.0216831 50.0068
5.272 0.0216612 50.0177
5.273 0.0216393 50.0287
5.274 0.0216174 50.0397
5.275 0.0215955 50.0507
5.276 0.0215736 50.0616
5.277 0.0215518 50.0726
5.278 0.02153 50.0836
5.279 0.0215082 50.0946
5.28 0.0214865 50.1055
5.281 0.0214648 50.1165
5.282 0.021443 50.1275
5.283 0.0214213 50.1385
5.284 0.0213997 50.1494
5.285 0.021378 50.1604
5.286 0.0213564 50.1714
5.287 0.0213348 50.1824
5.288 0.0213132 50.1933
5.289 0.0212917 50.2043
5.29 0.0212701 50.2153
5.291 0.0212486 50.2263
5.292 0.0212271 50.2372
5.293 0.0212057 50.2482
5.294 0.0211842 50.2592
5.295 0.0211628 50.2702
5.296 0.0211414 50.2811
5.297 0.02112 50.2921
5.298 0.0210986 50.3031
5.299 0.0210773 50.3141
5.3 0.021056 50.325
5.301 0.0210347 50.336
5.302 0.0210134 50.347
5.303 0.0209922 50.358
5.304 0.0209709 50.3689
5.305 0.0209497 50.3799
5.306 0.0209285 50.3909
5.307 0.0209074 50.4019
5.308 0.0208862 50.4128
5.309 0.0208651 50.4238
5.31 0.020844 50.4348
5.311 0.0208229 50.4458
5.312 0.0208019 50.4567
5.313 0.0207809 50.4677
5.314 0.0207598 50.4787
5.315 0.0207388 50.4897
5.316 0.0207179 50.5006
5.317 0.0206969 50.5116
5.318 0.020676 50.5226
5.319 0.0206551 50.5336
5.32 0.0206342 50.5445
5.321 0.0206133 50.5555
5.322 0.0205925 50.5665
5.323 0.0205717 50.5775
5.324 0.0205509 50.5884
5.325 0.0205301 50.5994
5.326 0.0205094 50.6104
5.327 0.0204886 50.6214
5.328 0.0204679 50.6323
5.329 0.0204472 50.6433
5.33 0.0204265 50.6543
5.331 0.0204059 50.6653
5.332 0.0203853 50.6762
5.333 0.0203646 50.6872
5.334 0.0203441 50.6982
5.335 0.0203235 50.7092
5.336 0.0203029 50.7201
5.337 0.0202824 50.7311
5.338 0.0202619 50.7421
5.339 0.0202414 50.7531
5.34 0.020221 50.764
5.341 0.0202005 50.775
5.342 0.0201801 50.786
5.343 0.0201597 50.797
5.344 0.0201393 50.808
5.345 0.020119 50.8189
5.346 0.0200986 50.8299
5.347 0.0200783 50.8409
5.348 0.020058 50.8519
5.349 0.0200378 50.8628
5.35 0.0200175 50.8738
5.351 0.0199973 50.8848
5.352 0.0199771 50.8958
5.353 0.0199569 50.9067
5.354 0.0199367 50.9177
5.355 0.0199166 50.9287
5.356 0.0198964 50.9397
5.357 0.0198763 50.9506
5.358 0.0198562 50.9616
5.359 0.0198362 50.9726
5.36 0.0198161 50.9836
5.361 0.0197961 50.9945
5.362 0.0197761 51.0055
5.363 0.0197561 51.0165
5.364 0.0197361 51.0275
5.365 0.0197162 51.0385
5.366 0.0196963 51.0494
5.367 0.0196763 51.0604
5.368 0.0196565 51.0714
5.369 0.0196366 51.0824
5.37 0.0196168 51.0933
5.371 0.0195969 51.1043
5.372 0.0195771 51.1153
5.373 0.0195573 51.1263
5.374 0.0195376 51.1372
5.375 0.0195178 51.1482
5.376 0.0194981 51.1592
5.377 0.0194784 51.1702
5.378 0.0194587 51.1811
5.379 0.0194391 51.1921
5.38 0.0194194 51.2031
5.381 0.0193998 51.2141
5.382 0.0193802 51.2251
5.383 0.0193606 51.236
5.384 0.0193411 51.247
5.385 0.0193215 51.258
5.386 0.019302 51.269
5.387 0.0192825 51.2799
5.388 0.019263 51.2909
5.389 0.0192436 51.3019
5.39 0.0192241 51.3129
5.391 0.0192047 51.3238
5.392 0.0191853 51.3348
5.393 0.0191659 51.3458
5.394 0.0191465 51.3568
5.395 0.0191272 51.3678
5.396 0.0191079 51.3787
5.397 0.0190886 51.3897
5.398 0.0190693 51.4007
5.399 0.01905 51.4117
5.4 0.0190308 51.4226
5.401 0.0190115 51.4336
5.402 0.0189923 51.4446
5.403 0.0189732 51.4556
5.404 0.018954 51.4666
5.405 0.0189348 51.4775
5.406 0.0189157 51.4885
5.407 0.0188966 51.4995
5.408 0.0188775 51.5105
5.409 0.0188585 51.5214
5.41 0.0188394 51.5324
5.411 0.0188204 51.5434
5.412 0.0188014 51.5544
5.413 0.0187824 51.5654
5.414 0.0187634 51.5763
5.415 0.0187444 51.5873
5.416 0.0187255 51.5983
5.417 0.0187066 51.6093
5.418 0.0186877 51.6202
5.419 0.0186688 51.6312
5.42 0.01865 51.6422
5.421 0.0186311 51.6532
5.422 0.0186123 51.6642
5.423 0.0185935 51.6751
5.424 0.0185747 51.6861
5.425 0.018556 51.6971
5.426 0.0185372 51.7081
5.427 0.0185185 51.719
5.428 0.0184998 51.73
5.429 0.0184811 51.741
5.43 0.0184625 51.752
5.431 0.0184438 51.763
5.432 0.0184252 51.7739
5.433 0.0184066 51.7849
5.434 0.018388 51.7959
5.435 0.0183694 51.8069
5.436 0.0183509 51.8178
5.437 0.0183324 51.8288
5.438 0.0183138 51.8398
5.439 0.0182954 51.8508
5.44 0.0182769 51.8618
5.441 0.0182584 51.8727
5.442 0.01824 51.8837
5.443 0.0182216 51.8947
5.444 0.0182032 51.9057
5.445 0.0181848 51.9166
5.446 0.0181664 51.9276
5.447 0.0181481 51.9386
5.448 0.0181298 51.9496
5.449 0.0181114 51.9606
5.45 0.0180932 51.9715
5.451 0.0180749 51.9825
5.452 0.0180566 51.9935
5.453 0.0180384 52.0045
5.454 0.0180202 52.0155
5.455 0.018002 52.0264
5.456 0.0179838 52.0374
5.457 0.0179657 52.0484
5.458 0.0179475 52.0594
5.459 0.0179294 52.0703
5.46 0.0179113 52.0813
5.461 0.0178932 52.0923
5.462 0.0178752 52.1033
5.463 0.0178571 52.1143
5.464 0.0178391 52.1252
5.465 0.0178211 52.1362
5.466 0.0178031 52.1472
5.467 0.0177851 52.1582
5.468 0.0177672 52.1692
5.469 0.0177492 52.1801
5.47 0.0177313 52.1911
5.471 0.0177134 52.2021
5.472 0.0176955 52.2131
5.473 0.0176777 52.224
5.474 0.0176598 52.235
5.475 0.017642 52.246
5.476 0.0176242 52.257
5.477 0.0176064 52.268
5.478 0.0175886 52.2789
5.479 0.0175709 52.2899
5.48 0.0175531 52.3009
5.481 0.0175354 52.3119
5.482 0.0175177 52.3229
5.483 0.0175 52.3338
5.484 0.0174824 52.3448
5.485 0.0174647 52.3558
5.486 0.0174471 52.3668
5.487 0.0174295 52.3778
5.488 0.0174119 52.3887
5.489 0.0173943 52.3997
5.49 0.0173768 52.4107
5.491 0.0173592 52.4217
5.492 0.0173417 52.4326
5.493 0.0173242 52.4436
5.494 0.0173067 52.4546
5.495 0.0172892 52.4656
5.496 0.0172718 52.4766
5.497 0.0172544 52.4875
5.498 0.017237 52.4985
5.499 0.0172196 52.5095
5.5 0.0172022 52.5205
5.501 0.0171848 52.5315
5.502 0.0171675 52.5424
5.503 0.0171501 52.5534
5.504 0.0171328 52.5644
5.505 0.0171156 52.5754
5.506 0.0170983 52.5864
5.507 0.017081 52.5973
5.508 0.0170638 52.6083
5.509 0.0170466 52.6193
5.51 0.0170294 52.6303
5.511 0.0170122 52.6413
5.512 0.016995 52.6522
5.513 0.0169779 52.6632
5.514 0.0169607 52.6742
5.515 0.0169436 52.6852
5.516 0.0169265 52.6962
5.517 0.0169094 52.7071
5.518 0.0168924 52.7181
5.519 0.0168753 52.7291
5.52 0.0168583 52.7401
5.521 0.0168413 52.7511
5.522 0.0168243 52.762
5.523 0.0168073 52.773
5.524 0.0167904 52.784
5.525 0.0167734 52.795
5.526 0.0167565 52.806
5.527 0.0167396 52.8169
5.528 0.0167227 52.8279
5.529 0.0167058 52.8389
5.53 0.016689 52.8499
5.531 0.0166721 52.8609
5.532 0.0166553 52.8718
5.533 0.0166385 52.8828
5.534 0.0166217 52.8938
5.535 0.016605 52.9048
5.536 0.0165882 52.9158
5.537 0.0165715 52.9267
5.538 0.0165548 52.9377
5.539 0.0165381 52.9487
5.54 0.0165214 52.9597
5.541 0.0165047 52.9707
5.542 0.0164881 52.9816
5.543 0.0164714 52.9926
5.544 0.0164548 53.0036
5.545 0.0164382 53.0146
5.546 0.0164216 53.0256
5.547 0.0164051 53.0365
5.548 0.0163885 53.0475
5.549 0.016372 53.0585
5.55 0.0163555 53.0695
5.551 0.016339 53.0805
5.552 0.0163225 53.0914
5.553 0.016306 53.1024
5.554 0.0162896 53.1134
5.555 0.0162731 53.1244
5.556 0.0162567 53.1354
5.557 0.0162403 53.1463
5.558 0.0162239 53.1573
5.559 0.0162076 53.1683
5.56 0.0161912 53.1793
5.561 0.0161749 53.1903
5.562 0.0161586 53.2012
5.563 0.0161423 53.2122
5.564 0.016126 53.2232
5.565 0.0161097 53.2342
5.566 0.0160935 53.2452
5.567 0.0160773 53.2562
5.568 0.016061 53.2671
5.569 0.0160449 53.2781
5.57 0.0160287 53.2891
5.571 0.0160125 53.3001
5.572 0.0159964 53.3111
5.573 0.0159802 53.322
5.574 0.0159641 53.333
5.575 0.015948 53.344
5.576 0.0159319 53.355
5.577 0.0159159 53.366
5.578 0.0158998 53.3769
5.579 0.0158838 53.3879
5.58 0.0158677 53.3989
5.581 0.0158517 53.4099
5.582 0.0158358 53.4209
5.583 0.0158198 53.4318
5.584 0.0158038 53.4428
5.585 0.0157879 53.4538
5.586 0.015772 53.4648
5.587 0.0157561 53.4758
5.588 0.0157402 53.4868
5.589 0.0157243 53.4977
5.59 0.0157085 53.5087
5.591 0.0156926 53.5197
5.592 0.0156768 53.5307
5.593 0.015661 53.5417
5.594 0.0156452 53.5526
5.595 0.0156294 53.5636
5.596 0.0156137 53.5746
5.597 0.0155979 53.5856
5.598 0.0155822 53.5966
5.599 0.0155665 53.6075
5.6 0.0155508 53.6185
5.601 0.0155351 53.6295
5.602 0.0155194 53.6405
5.603 0.0155038 53.6515
5.604 0.0154882 53.6625
5.605 0.0154725 53.6734
5.606 0.0154569 53.6844
5.607 0.0154414 53.6954
5.608 0.0154258 53.7064
5.609 0.0154102 53.7174
5.61 0.0153947 53.7283
5.611 0.0153792 53.7393
5.612 0.0153637 53.7503
5.613 0.0153482 53.7613
5.614 0.0153327 53.7723
5.615 0.0153173 53.7833
5.616 0.0153018 53.7942
5.617 0.0152864 53.8052
5.618 0.015271 53.8162
5.619 0.0152556 53.8272
5.62 0.0152402 53.8382
5.621 0.0152248 53.8491
5.622 0.0152095 53.8601
5.623 0.0151942 53.8711
5.624 0.0151788 53.8821
5.625 0.0151635 53.8931
5.626 0.0151482 53.9041
5.627 0.015133 53.915
5.628 0.0151177 53.926
5.629 0.0151025 53.937
5.63 0.0150873 53.948
5.631 0.0150721 53.959
5.632 0.0150569 53.9699
5.633 0.0150417 53.9809
5.634 0.0150265 53.9919
5.635 0.0150114 54.0029
5.636 0.0149962 54.0139
5.637 0.0149811 54.0249
5.638 0.014966 54.0358
5.639 0.0149509 54.0468
5.64 0.0149359 54.0578
5.641 0.0149208 54.0688
5.642 0.0149058 54.0798
5.643 0.0148908 54.0907
5.644 0.0148757 54.1017
5.645 0.0148608 54.1127
5.646 0.0148458 54.1237
5.647 0.0148308 54.1347
5.648 0.0148159 54.1457
5.649 0.0148009 54.1566
5.65 0.014786 54.1676
5.651 0.0147711 54.1786
5.652 0.0147562 54.1896
5.653 0.0147414 54.2006
5.654 0.0147265 54.2116
5.655 0.0147117 54.2225
5.656 0.0146968 54.2335
5.657 0.014682 54.2445
5.658 0.0146672 54.2555
5.659 0.0146524 54.2665
5.66 0.0146377 54.2774
5.661 0.0146229 54.2884
5.662 0.0146082 54.2994
5.663 0.0145935 54.3104
5.664 0.0145788 54.3214
5.665 0.0145641 54.3324
5.666 0.0145494 54.3433
5.667 0.0145347 54.3543
5.668 0.0145201 54.3653
5.669 0.0145054 54.3763
5.67 0.0144908 54.3873
5.671 0.0144762 54.3983
5.672 0.0144616 54.4092
5.673 0.0144471 54.4202
5.674 0.0144325 54.4312
5.675 0.014418 54.4422
5.676 0.0144034 54.4532
5.677 0.0143889 54.4642
5.678 0.0143744 54.4751
5.679 0.0143599 54.4861
5.68 0.0143455 54.4971
5.681 0.014331 54.5081
5.682 0.0143166 54.5191
5.683 0.0143021 54.5301
5.684 0.0142877 54.541
5.685 0.0142733 54.552
5.686 0.014259 54.563
5.687 0.0142446 54.574
5.688 0.0142302 54.585
5.689 0.0142159 54.5959
5.69 0.0142016 54.6069
5.691 0.0141873 54.6179
5.692 0.014173 54.6289
5.693 0.0141587 54.6399
5.694 0.0141444 54.6509
5.695 0.0141302 54.6618
5.696 0.0141159 54.6728
5.697 0.0141017 54.6838
5.698 0.0140875 54.6948
5.699 0.0140733 54.7058
5.7 0.0140591 54.7168
5.701 0.014045 54.7277
5.702 0.0140308 54.7387
5.703 0.0140167 54.7497
5.704 0.0140026 54.7607
5.705 0.0139885 54.7717
5.706 0.0139744 54.7827
5.707 0.0139603 54.7936
5.708 0.0139462 54.8046
5.709 0.0139322 54.8156
5.71 0.0139182 54.8266
5.711 0.0139041 54.8376
5.712 0.0138901 54.8486
5.713 0.0138761 54.8595
5.714 0.0138622 54.8705
5.715 0.0138482 54.8815
5.716 0.0138342 54.8925
5.717 0.0138203 54.9035
5.718 0.0138064 54.9145
5.719 0.0137925 54.9254
5.72 0.0137786 54.9364
5.721 0.0137647 54.9474
5.722 0.0137508 54.9584
5.723 0.013737 54.9694
5.724 0.0137231 54.9804
5.725 0.0137093 54.9913
5.726 0.0136955 55.0023
5.727 0.0136817 55.0133
5.728 0.0136679 55.0243
5.729 0.0136542 55.0353
5.73 0.0136404 55.0463
5.731 0.0136267 55.0573
5.732 0.013613 55.0682
5.733 0.0135992 55.0792
5.734 0.0135855 55.0902
5.735 0.0135719 55.1012
5.736 0.0135582 55.1122
5.737 0.0135445 55.1232
5.738 0.0135309 55.1341
5.739 0.0135173 55.1451
5.74 0.0135037 55.1561
5.741 0.0134901 55.1671
5.742 0.0134765 55.1781
5.743 0.0134629 55.1891
5.744 0.0134493 55.2
5.745 0.0134358 55.211
5.746 0.0134223 55.222
5.747 0.0134087 55.233
5.748 0.0133952 55.244
5.749 0.0133818 55.255
5.75 0.0133683 55.2659
5.751 0.0133548 55.2769
5.752 0.0133414 55.2879
5.753 0.0133279 55.2989
5.754 0.0133145 55.3099
5.755 0.0133011 55.3209
5.756 0.0132877 55.3318
5.757 0.0132743 55.3428
5.758 0.013261 55.3538
5.759 0.0132476 55.3648
5.76 0.0132343 55.3758
5.761 0.0132209 55.3868
5.762 0.0132076 55.3978
5.763 0.0131943 55.4087
5.764 0.013181 55.4197
5.765 0.0131678 55.4307
5.766 0.0131545 55.4417
5.767 0.0131413 55.4527
5.768 0.013128 55.4637
5.769 0.0131148 55.4746
5.77 0.0131016 55.4856
5.771 0.0130884 55.4966
5.772 0.0130752 55.5076
5.773 0.0130621 55.5186
5.774 0.0130489 55.5296
5.775 0.0130358 55.5405
5.776 0.0130226 55.5515
5.777 0.0130095 55.5625
5.778 0.0129964 55.5735
5.779 0.0129833 55.5845
5.78 0.0129703 55.5955
5.781 0.0129572 55.6065
5.782 0.0129442 55.6174
5.783 0.0129311 55.6284
5.784 0.0129181 55.6394
5.785 0.0129051 55.6504
5.786 0.0128921 55.6614
5.787 0.0128791 55.6724
5.788 0.0128662 55.6833
5.789 0.0128532 55.6943
5.79 0.0128403 55.7053
5.791 0.0128274 55.7163
5.792 0.0128144 55.7273
5.793 0.0128015 55.7383
5.794 0.0127886 55.7493
5.795 0.0127758 55.7602
5.796 0.0127629 55.7712
5.797 0.0127501 55.7822
5.798 0.0127372 55.7932
5.799 0.0127244 55.8042
5.8 0.0127116 55.8152
5.801 0.0126988 55.8262
5.802 0.012686 55.8371
5.803 0.0126732 55.8481
5.804 0.0126605 55.8591
5.805 0.0126477 55.8701
5.806 0.012635 55.8811
5.807 0.0126223 55.8921
5.808 0.0126096 55.903
5.809 0.0125969 55.914
5.81 0.0125842 55.925
5.811 0.0125715 55.936
5.812 0.0125589 55.947
5.813 0.0125462 55.958
5.814 0.0125336 55.969
5.815 0.012521 55.9799
5.816 0.0125084 55.9909
5.817 0.0124958 56.0019
5.818 0.0124832 56.0129
5.819 0.0124707 56.0239
5.82 0.0124581 56.0349
5.821 0.0124456 56.0458
5.822 0.012433 56.0568
5.823 0.0124205 56.0678
5.824 0.012408 56.0788
5.825 0.0123955 56.0898
5.826 0.0123831 56.1008
5.827 0.0123706 56.1118
5.828 0.0123581 56.1227
5.829 0.0123457 56.1337
5.83 0.0123333 56.1447
5.831 0.0123209 56.1557
5.832 0.0123085 56.1667
5.833 0.0122961 56.1777
5.834 0.0122837 56.1887
5.835 0.0122713 56.1996
5.836 0.012259 56.2106
5.837 0.0122466 56.2216
5.838 0.0122343 56.2326
5.839 0.012222 56.2436
5.84 0.0122097 56.2546
5.841 0.0121974 56.2656
5.842 0.0121851 56.2765
5.843 0.0121729 56.2875
5.844 0.0121606 56.2985
5.845 0.0121484 56.3095
5.846 0.0121362 56.3205
5.847 0.012124 56.3315
5.848 0.0121118 56.3425
5.849 0.0120996 56.3534
5.85 0.0120874 56.3644
5.851 0.0120752 56.3754
5.852 0.0120631 56.3864
5.853 0.0120509 56.3974
5.854 0.0120388 56.4084
5.855 0.0120267 56.4194
5.856 0.0120146 56.4303
5.857 0.0120025 56.4413
5.858 0.0119904 56.4523
5.859 0.0119784 56.4633
5.86 0.0119663 56.4743
5.861 0.0119543 56.4853
5.862 0.0119422 56.4963
5.863 0.0119302 56.5072
5.864 0.0119182 56.5182
5.865 0.0119062 56.5292
5.866 0.0118942 56.5402
5.867 0.0118823 56.5512
5.868 0.0118703 56.5622
5.869 0.0118584 56.5732
5.87 0.0118464 56.5841
5.871 0.0118345 56.5951
5.872 0.0118226 56.6061
5.873 0.0118107 56.6171
5.874 0.0117988 56.6281
5.875 0.0117869 56.6391
5.876 0.0117751 56.6501
5.877 0.0117632 56.661
5.878 0.0117514 56.672
5.879 0.0117396 56.683
5.88 0.0117278 56.694
5.881 0.011716 56.705
5.882 0.0117042 56.716
5.883 0.0116924 56.727
5.884 0.0116806 56.7379
5.885 0.0116689 56.7489
5.886 0.0116571 56.7599
5.887 0.0116454 56.7709
5.888 0.0116337 56.7819
5.889 0.011622 56.7929
5.89 0.0116103 56.8039
5.891 0.0115986 56.8148
5.892 0.011587 56.8258
5.893 0.0115753 56.8368
5.894 0.0115637 56.8478
5.895 0.011552 56.8588
5.896 0.0115404 56.8698
5.897 0.0115288 56.8808
5.898 0.0115172 56.8917
5.899 0.0115056 56.9027
5.9 0.011494 56.9137
5.901 0.0114825 56.9247
5.902 0.0114709 56.9357
5.903 0.0114594 56.9467
5.904 0.0114478 56.9577
5.905 0.0114363 56.9687
5.906 0.0114248 56.9796
5.907 0.0114133 56.9906
5.908 0.0114018 57.0016
5.909 0.0113904 57.0126
5.91 0.0113789 57.0236
5.911 0.0113675 57.0346
5.912 0.011356 57.0456
5.913 0.0113446 57.0565
5.914 0.0113332 57.0675
5.915 0.0113218 57.0785
5.916 0.0113104 57.0895
5.917 0.011299 57.1005
5.918 0.0112877 57.1115
5.919 0.0112763 57.1225
5.92 0.011265 57.1334
5.921 0.0112536 57.1444
5.922 0.0112423 57.1554
5.923 0.011231 57.1664
5.924 0.0112197 57.1774
5.925 0.0112084 57.1884
5.926 0.0111972 57.1994
5.927 0.0111859 57.2104
5.928 0.0111746 57.2213
5.929 0.0111634 57.2323
5.93 0.0111522 57.2433
5.931 0.011141 57.2543
5.932 0.0111297 57.2653
5.933 0.0111186 57.2763
5.934 0.0111074 57.2873
5.935 0.0110962 57.2982
5.936 0.011085 57.3092
5.937 0.0110739 57.3202
5.938 0.0110628 57.3312
5.939 0.0110516 57.3422
5.94 0.0110405 57.3532
5.941 0.0110294 57.3642
5.942 0.0110183 57.3752
5.943 0.0110072 57.3861
5.944 0.0109962 57.3971
5.945 0.0109851 57.4081
5.946 0.0109741 57.4191
5.947 0.010963 57.4301
5.948 0.010952 57.4411
5.949 0.010941 57.4521
5.95 0.01093 57.463
5.951 0.010919 57.474
5.952 0.010908 57.485
5.953 0.010897 57.496
5.954 0.0108861 57.507
5.955 0.0108751 57.518
5.956 0.0108642 57.529
5.957 0.0108533 57.54
5.958 0.0108423 57.5509
5.959 0.0108314 57.5619
5.96 0.0108205 57.5729
5.961 0.0108097 57.5839
5.962 0.0107988 57.5949
5.963 0.0107879 57.6059
5.964 0.0107771 57.6169
5.965 0.0107662 57.6279
5.966 0.0107554 57.6388
5.967 0.0107446 57.6498
5.968 0.0107338 57.6608
5.969 0.010723 57.6718
5.97 0.0107122 57.6828
5.971 0.0107015 57.6938
5.972 0.0106907 57.7048
5.973 0.0106799 57.7158
5.974 0.0106692 57.7267
5.975 0.0106585 57.7377
5.976 0.0106478 57.7487
5.977 0.010637 57.7597
5.978 0.0106264 57.7707
5.979 0.0106157 57.7817
5.98 0.010605 57.7927
5.981 0.0105943 57.8037
5.982 0.0105837 57.8146
5.983 0.010573 57.8256
5.984 0.0105624 57.8366
5.985 0.0105518 57.8476
5.986 0.0105412 57.8586
5.987 0.0105306 57.8696
5.988 0.01052 57.8806
5.989 0.0105094 57.8915
5.99 0.0104988 57.9025
5.991 0.0104883 57.9135
5.992 0.0104777 57.9245
5.993 0.0104672 57.9355
5.994 0.0104567 57.9465
5.995 0.0104462 57.9575
5.996 0.0104357 57.9685
5.997 0.0104252 57.9794
5.998 0.0104147 57.9904
5.999 0.0104042 58.0014
6 0.0103938 58.0124
6.001 0.0103833 58.0234
6.002 0.0103729 58.0344
6.003 0.0103624 58.0454
6.004 0.010352 58.0564
6.005 0.0103416 58.0674
6.006 0.0103312 58.0783
6.007 0.0103208 58.0893
6.008 0.0103105 58.1003
6.009 0.0103001 58.1113
6.01 0.0102897 58.1223
6.011 0.0102794 58.1333
6.012 0.0102691 58.1443
6.013 0.0102587 58.1553
6.014 0.0102484 58.1662
6.015 0.0102381 58.1772
6.016 0.0102278 58.1882
6.017 0.0102175 58.1992
6.018 0.0102073 58.2102
6.019 0.010197 58.2212
6.02 0.0101868 58.2322
6.021 0.0101765 58.2432
6.022 0.0101663 58.2541
6.023 0.0101561 58.2651
6.024 0.0101459 58.2761
6.025 0.0101357 58.2871
6.026 0.0101255 58.2981
6.027 0.0101153 58.3091
6.028 0.0101051 58.3201
6.029 0.010095 58.3311
6.03 0.0100848 58.342
6.031 0.0100747 58.353
6.032 0.0100645 58.364
6.033 0.0100544 58.375
6.034 0.0100443 58.386
6.035 0.0100342 58.397
6.036 0.0100241 58.408
6.037 0.0100141 58.419
6.038 0.010004 58.4299
6.039 0.00999394 58.4409
6.04 0.0099839 58.4519
6.041 0.00997386 58.4629
6.042 0.00996383 58.4739
6.043 0.00995382 58.4849
6.044 0.00994381 58.4959
6.045 0.00993382 58.5069
6.046 0.00992383 58.5179
6.047 0.00991386 58.5288
6.048 0.00990389 58.5398
6.049 0.00989394 58.5508
6.05 0.009884 58.5618
6.051 0.00987406 58.5728
6.052 0.00986414 58.5838
6.053 0.00985422 58.5948
6.054 0.00984432 58.6058
6.055 0.00983442 58.6167
6.056 0.00982454 58.6277
6.057 0.00981466 58.6387
6.058 0.0098048 58.6497
6.059 0.00979494 58.6607
6.06 0.0097851 58.6717
6.061 0.00977527 58.6827
6.062 0.00976544 58.6937
6.063 0.00975563 58.7047
6.064 0.00974582 58.7156
6.065 0.00973603 58.7266
6.066 0.00972624 58.7376
6.067 0.00971647 58.7486
6.068 0.0097067 58.7596
6.069 0.00969694 58.7706
6.07 0.0096872 58.7816
6.071 0.00967746 58.7926
6.072 0.00966774 58.8035
6.073 0.00965802 58.8145
6.074 0.00964832 58.8255
6.075 0.00963862 58.8365
6.076 0.00962893 58.8475
6.077 0.00961926 58.8585
6.078 0.00960959 58.8695
6.079 0.00959993 58.8805
6.08 0.00959028 58.8915
6.081 0.00958065 58.9024
6.082 0.00957102 58.9134
6.083 0.0095614 58.9244
6.084 0.00955179 58.9354
6.085 0.00954219 58.9464
6.086 0.0095326 58.9574
6.087 0.00952302 58.9684
6.088 0.00951345 58.9794
6.089 0.00950389 58.9904
6.09 0.00949434 59.0013
6.091 0.0094848 59.0123
6.092 0.00947527 59.0233
6.093 0.00946575 59.0343
6.094 0.00945624 59.0453
6.095 0.00944673 59.0563
6.096 0.00943724 59.0673
6.097 0.00942776 59.0783
6.098 0.00941828 59.0893
6.099 0.00940882 59.1002
6.1 0.00939937 59.1112
6.101 0.00938992 59.1222
6.102 0.00938049 59.1332
6.103 0.00937106 59.1442
6.104 0.00936164 59.1552
6.105 0.00935224 59.1662
6.106 0.00934284 59.1772
6.107 0.00933345 59.1882
6.108 0.00932407 59.1991
6.109 0.0093147 59.2101
6.11 0.00930534 59.2211
6.111 0.00929599 59.2321
6.112 0.00928665 59.2431
6.113 0.00927732 59.2541
6.114 0.009268 59.2651
6.115 0.00925869 59.2761
6.116 0.00924939 59.2871
6.117 0.00924009 59.298
6.118 0.00923081 59.309
6.119 0.00922153 59.32
6.12 0.00921227 59.331
6.121 0.00920301 59.342
6.122 0.00919377 59.353
6.123 0.00918453 59.364
6.124 0.0091753 59.375
6.125 0.00916608 59.386
6.126 0.00915687 59.3969
6.127 0.00914767 59.4079
6.128 0.00913848 59.4189
6.129 0.0091293 59.4299
6.13 0.00912013 59.4409
6.131 0.00911097 59.4519
6.132 0.00910181 59.4629
6.133 0.00909267 59.4739
6.134 0.00908353 59.4849
6.135 0.00907441 59.4958
6.136 0.00906529 59.5068
6.137 0.00905618 59.5178
6.138 0.00904708 59.5288
6.139 0.00903799 59.5398
6.14 0.00902891 59.5508
6.141 0.00901984 59.5618
6.142 0.00901078 59.5728
6.143 0.00900173 59.5838
6.144 0.00899269 59.5947
6.145 0.00898365 59.6057
6.146 0.00897463 59.6167
6.147 0.00896561 59.6277
6.148 0.0089566 59.6387
6.149 0.00894761 59.6497
6.15 0.00893862 59.6607
6.151 0.00892964 59.6717
6.152 0.00892067 59.6827
6.153 0.00891171 59.6936
6.154 0.00890275 59.7046
6.155 0.00889381 59.7156
6.156 0.00888488 59.7266
6.157 0.00887595 59.7376
6.158 0.00886703 59.7486
6.159 0.00885813 59.7596
6.16 0.00884923 59.7706
6.161 0.00884034 59.7816
6.162 0.00883146 59.7926
6.163 0.00882259 59.8035
6.164 0.00881372 59.8145
6.165 0.00880487 59.8255
6.166 0.00879603 59.8365
6.167 0.00878719 59.8475
6.168 0.00877836 59.8585
6.169 0.00876955 59.8695
6.17 0.00876074 59.8805
6.171 0.00875194 59.8915
6.172 0.00874315 59.9024
6.173 0.00873436 59.9134
6.174 0.00872559 59.9244
6.175 0.00871683 59.9354
6.176 0.00870807 59.9464
6.177 0.00869932 59.9574
6.178 0.00869059 59.9684
6.179 0.00868186 59.9794
6.18 0.00867314 59.9904
6.181 0.00866442 60.0014
6.182 0.00865572 60.0123
6.183 0.00864703 60.0233
6.184 0.00863834 60.0343
6.185 0.00862966 60.0453
6.186 0.008621 60.0563
6.187 0.00861234 60.0673
6.188 0.00860369 60.0783
6.189 0.00859505 60.0893
6.19 0.00858641 60.1003
6.191 0.00857779 60.1113
6.192 0.00856917 60.1222
6.193 0.00856057 60.1332
6.194 0.00855197 60.1442
6.195 0.00854338 60.1552
6.196 0.0085348 60.1662
6.197 0.00852623 60.1772
6.198 0.00851766 60.1882
6.199 0.00850911 60.1992
6.2 0.00850056 60.2102
6.201 0.00849203 60.2211
6.202 0.0084835 60.2321
6.203 0.00847498 60.2431
6.204 0.00846646 60.2541
6.205 0.00845796 60.2651
6.206 0.00844947 60.2761
6.207 0.00844098 60.2871
6.208 0.0084325 60.2981
6.209 0.00842404 60.3091
6.21 0.00841557 60.3201
6.211 0.00840712 60.331
6.212 0.00839868 60.342
6.213 0.00839025 60.353
6.214 0.00838182 60.364
6.215 0.0083734 60.375
6.216 0.00836499 60.386
6.217 0.00835659 60.397
6.218 0.0083482 60.408
6.219 0.00833982 60.419
6.22 0.00833144 60.43
6.221 0.00832307 60.4409
6.222 0.00831472 60.4519
6.223 0.00830637 60.4629
6.224 0.00829802 60.4739
6.225 0.00828969 60.4849
6.226 0.00828137 60.4959
6.227 0.00827305 60.5069
6.228 0.00826474 60.5179
6.229 0.00825644 60.5289
6.23 0.00824815 60.5399
6.231 0.00823987 60.5508
6.232 0.00823159 60.5618
6.233 0.00822333 60.5728
6.234 0.00821507 60.5838
6.235 0.00820682 60.5948
6.236 0.00819858 60.6058
6.237 0.00819035 60.6168
6.238 0.00818212 60.6278
6.239 0.00817391 60.6388
6.24 0.0081657 60.6498
6.241 0.0081575 60.6608
6.242 0.00814931 60.6717
6.243 0.00814112 60.6827
6.244 0.00813295 60.6937
6.245 0.00812478 60.7047
6.246 0.00811662 60.7157
6.247 0.00810847 60.7267
6.248 0.00810033 60.7377
6.249 0.0080922 60.7487
6.25 0.00808407 60.7597
6.251 0.00807596 60.7707
6.252 0.00806785 60.7816
6.253 0.00805975 60.7926
6.254 0.00805165 60.8036
6.255 0.00804357 60.8146
6.256 0.00803549 60.8256
6.257 0.00802742 60.8366
6.258 0.00801936 60.8476
6.259 0.00801131 60.8586
6.26 0.00800327 60.8696
6.261 0.00799523 60.8806
6.262 0.0079872 60.8915
6.263 0.00797919 60.9025
6.264 0.00797117 60.9135
6.265 0.00796317 60.9245
6.266 0.00795517 60.9355
6.267 0.00794719 60.9465
6.268 0.00793921 60.9575
6.269 0.00793124 60.9685
6.27 0.00792327 60.9795
6.271 0.00791532 60.9905
6.272 0.00790737 61.0015
6.273 0.00789943 61.0124
6.274 0.0078915 61.0234
6.275 0.00788358 61.0344
6.276 0.00787566 61.0454
6.277 0.00786776 61.0564
6.278 0.00785986 61.0674
6.279 0.00785197 61.0784
6.28 0.00784408 61.0894
6.281 0.00783621 61.1004
6.282 0.00782834 61.1114
6.283 0.00782048 61.1223
6.284 0.00781263 61.1333
6.285 0.00780479 61.1443
6.286 0.00779695 61.1553
6.287 0.00778912 61.1663
6.288 0.0077813 61.1773
6.289 0.00777349 61.1883
6.29 0.00776569 61.1993
6.291 0.00775789 61.2103
6.292 0.0077501 61.2213
6.293 0.00774232 61.2323
6.294 0.00773455 61.2432
6.295 0.00772678 61.2542
6.296 0.00771903 61.2652
6.297 0.00771128 61.2762
6.298 0.00770354 61.2872
6.299 0.0076958 61.2982
6.3 0.00768808 61.3092
6.301 0.00768036 61.3202
6.302 0.00767265 61.3312
6.303 0.00766495 61.3422
6.304 0.00765725 61.3532
6.305 0.00764957 61.3641
6.306 0.00764189 61.3751
6.307 0.00763422 61.3861
6.308 0.00762655 61.3971
6.309 0.0076189 61.4081
6.31 0.00761125 61.4191
6.311 0.00760361 61.4301
6.312 0.00759597 61.4411
6.313 0.00758835 61.4521
6.314 0.00758073 61.4631
6.315 0.00757312 61.4741
6.316 0.00756552 61.485
6.317 0.00755793 61.496
6.318 0.00755034 61.507
6.319 0.00754276 61.518
6.32 0.00753519 61.529
6.321 0.00752763 61.54
6.322 0.00752007 61.551
6.323 0.00751252 61.562
6.324 0.00750498 61.573
6.325 0.00749745 61.584
6.326 0.00748992 61.595
6.327 0.0074824 61.6059
6.328 0.00747489 61.6169
6.329 0.00746739 61.6279
6.33 0.00745989 61.6389
6.331 0.00745241 61.6499
6.332 0.00744493 61.6609
6.333 0.00743745 61.6719
6.334 0.00742999 61.6829
6.335 0.00742253 61.6939
6.336 0.00741508 61.7049
6.337 0.00740764 61.7159
6.338 0.0074002 61.7268
6.339 0.00739277 61.7378
6.34 0.00738535 61.7488
6.341 0.00737794 61.7598
6.342 0.00737054 61.7708
6.343 0.00736314 61.7818
6.344 0.00735575 61.7928
6.345 0.00734836 61.8038
6.346 0.00734099 61.8148
6.347 0.00733362 61.8258
6.348 0.00732626 61.8368
6.349 0.00731891 61.8478
6.35 0.00731156 61.8587
6.351 0.00730422 61.8697
6.352 0.00729689 61.8807
6.353 0.00728957 61.8917
6.354 0.00728225 61.9027
6.355 0.00727494 61.9137
6.356 0.00726764 61.9247
6.357 0.00726035 61.9357
6.358 0.00725306 61.9467
6.359 0.00724578 61.9577
6.36 0.00723851 61.9687
6.361 0.00723124 61.9796
6.362 0.00722399 61.9906
6.363 0.00721674 62.0016
6.364 0.00720949 62.0126
6.365 0.00720226 62.0236
6.366 0.00719503 62.0346
6.367 0.00718781 62.0456
6.368 0.0071806 62.0566
6.369 0.00717339 62.0676
6.37 0.00716619 62.0786
6.371 0.007159 62.0896
6.372 0.00715181 62.1006
6.373 0.00714464 62.1115
6.374 0.00713747 62.1225
6.375 0.0071303 62.1335
6.376 0.00712315 62.1445
6.377 0.007116 62.1555
6.378 0.00710886 62.1665
6.379 0.00710172 62.1775
6.38 0.0070946 62.1885
6.381 0.00708748 62.1995
6.382 0.00708036 62.2105
6.383 0.00707326 62.2215
6.384 0.00706616 62.2325
6.385 0.00705907 62.2434
6.386 0.00705198 62.2544
6.387 0.00704491 62.2654
6.388 0.00703784 62.2764
6.389 0.00703078 62.2874
6.39 0.00702372 62.2984
6.391 0.00701667 62.3094
6.392 0.00700963 62.3204
6.393 0.0070026 62.3314
6.394 0.00699557 62.3424
6.395 0.00698855 62.3534
6.396 0.00698154 62.3643
6.397 0.00697453 62.3753
6.398 0.00696753 62.3863
6.399 0.00696054 62.3973
6.4 0.00695356 62.4083
6.401 0.00694658 62.4193
6.402 0.00693961 62.4303
6.403 0.00693264 62.4413
6.404 0.00692569 62.4523
6.405 0.00691874 62.4633
6.406 0.00691179 62.4743
6.407 0.00690486 62.4853
6.408 0.00689793 62.4962
6.409 0.00689101 62.5072
6.41 0.00688409 62.5182
6.411 0.00687719 62.5292
6.412 0.00687029 62.5402
6.413 0.00686339 62.5512
6.414 0.0068565 62.5622
6.415 0.00684962 62.5732
6.416 0.00684275 62.5842
6.417 0.00683589 62.5952
6.418 0.00682903 62.6062
6.419 0.00682217 62.6172
6.42 0.00681533 62.6282
6.421 0.00680849 62.6391
6.422 0.00680166 62.6501
6.423 0.00679483 62.6611
6.424 0.00678802 62.6721
6.425 0.00678121 62.6831
6.426 0.0067744 62.6941
6.427 0.0067676 62.7051
6.428 0.00676081 62.7161
6.429 0.00675403 62.7271
6.43 0.00674725 62.7381
6.431 0.00674048 62.7491
6.432 0.00673372 62.7601
6.433 0.00672696 62.771
6.434 0.00672022 62.782
6.435 0.00671347 62.793
6.436 0.00670674 62.804
6.437 0.00670001 62.815
6.438 0.00669329 62.826
6.439 0.00668657 62.837
6.44 0.00667986 62.848
6.441 0.00667316 62.859
6.442 0.00666646 62.87
6.443 0.00665978 62.881
6.444 0.00665309 62.892
6.445 0.00664642 62.9029
6.446 0.00663975 62.9139
6.447 0.00663309 62.9249
6.448 0.00662643 62.9359
6.449 0.00661979 62.9469
6.45 0.00661314 62.9579
6.451 0.00660651 62.9689
6.452 0.00659988 62.9799
6.453 0.00659326 62.9909
6.454 0.00658665 63.0019
6.455 0.00658004 63.0129
6.456 0.00657344 63.0239
6.457 0.00656684 63.0349
6.458 0.00656025 63.0458
6.459 0.00655367 63.0568
6.46 0.0065471 63.0678
6.461 0.00654053 63.0788
6.462 0.00653397 63.0898
6.463 0.00652741 63.1008
6.464 0.00652086 63.1118
6.465 0.00651432 63.1228
6.466 0.00650779 63.1338
6.467 0.00650126 63.1448
6.468 0.00649473 63.1558
6.469 0.00648822 63.1668
6.47 0.00648171 63.1778
6.471 0.00647521 63.1887
6.472 0.00646871 63.1997
6.473 0.00646222 63.2107
6.474 0.00645574 63.2217
6.475 0.00644926 63.2327
6.476 0.00644279 63.2437
6.477 0.00643633 63.2547
6.478 0.00642987 63.2657
6.479 0.00642342 63.2767
6.48 0.00641698 63.2877
6.481 0.00641054 63.2987
6.482 0.00640411 63.3097
6.483 0.00639769 63.3207
6.484 0.00639127 63.3316
6.485 0.00638486 63.3426
6.486 0.00637845 63.3536
6.487 0.00637205 63.3646
6.488 0.00636566 63.3756
6.489 0.00635928 63.3866
6.49 0.0063529 63.3976
6.491 0.00634652 63.4086
6.492 0.00634016 63.4196
6.493 0.0063338 63.4306
6.494 0.00632744 63.4416
6.495 0.0063211 63.4526
6.496 0.00631476 63.4636
6.497 0.00630842 63.4745
6.498 0.00630209 63.4855
6.499 0.00629577 63.4965
6.5 0.00628946 63.5075
6.501 0.00628315 63.5185
6.502 0.00627685 63.5295
6.503 0.00627055 63.5405
6.504 0.00626426 63.5515
6.505 0.00625798 63.5625
6.506 0.0062517 63.5735
6.507 0.00624543 63.5845
6.508 0.00623916 63.5955
6.509 0.00623291 63.6065
6.51 0.00622665 63.6174
6.511 0.00622041 63.6284
6.512 0.00621417 63.6394
6.513 0.00620794 63.6504
6.514 0.00620171 63.6614
6.515 0.00619549 63.6724
6.516 0.00618927 63.6834
6.517 0.00618307 63.6944
6.518 0.00617686 63.7054
6.519 0.00617067 63.7164
6.52 0.00616448 63.7274
6.521 0.0061583 63.7384
6.522 0.00615212 63.7494
6.523 0.00614595 63.7604
6.524 0.00613978 63.7713
6.525 0.00613363 63.7823
6.526 0.00612747 63.7933
6.527 0.00612133 63.8043
6.528 0.00611519 63.8153
6.529 0.00610905 63.8263
6.53 0.00610293 63.8373
6.531 0.00609681 63.8483
6.532 0.00609069 63.8593
6.533 0.00608458 63.8703
6.534 0.00607848 63.8813
6.535 0.00607238 63.8923
6.536 0.00606629 63.9033
6.537 0.00606021 63.9143
6.538 0.00605413 63.9252
6.539 0.00604806 63.9362
6.54 0.00604199 63.9472
6.541 0.00603593 63.9582
6.542 0.00602988 63.9692
6.543 0.00602383 63.9802
6.544 0.00601779 63.9912
6.545 0.00601175 64.0022
6.546 0.00600572 64.0132
6.547 0.0059997 64.0242
6.548 0.00599368 64.0352
6.549 0.00598767 64.0462
6.55 0.00598167 64.0572
6.551 0.00597567 64.0681
6.552 0.00596968 64.0791
6.553 0.00596369 64.0901
6.554 0.00595771 64.1011
6.555 0.00595173 64.1121
6.556 0.00594576 64.1231
6.557 0.0059398 64.1341
6.558 0.00593384 64.1451
6.559 0.00592789 64.1561
6.56 0.00592195 64.1671
6.561 0.00591601 64.1781
6.562 0.00591008 64.1891
6.563 0.00590415 64.2001
6.564 0.00589823 64.2111
6.565 0.00589231 64.2221
6.566 0.0058864 64.233
6.567 0.0058805 64.244
6.568 0.0058746 64.255
6.569 0.00586871 64.266
6.57 0.00586283 64.277
6.571 0.00585695 64.288
6.572 0.00585107 64.299
6.573 0.0058452 64.31
6.574 0.00583934 64.321
6.575 0.00583349 64.332
6.576 0.00582764 64.343
6.577 0.00582179 64.354
6.578 0.00581595 64.365
6.579 0.00581012 64.376
6.58 0.0058043 64.3869
6.581 0.00579848 64.3979
6.582 0.00579266 64.4089
6.583 0.00578685 64.4199
6.584 0.00578105 64.4309
6.585 0.00577525 64.4419
6.586 0.00576946 64.4529
6.587 0.00576367 64.4639
6.588 0.00575789 64.4749
6.589 0.00575212 64.4859
6.59 0.00574635 64.4969
6.591 0.00574059 64.5079
6.592 0.00573483 64.5189
6.593 0.00572908 64.5299
6.594 0.00572334 64.5408
6.595 0.0057176 64.5518
6.596 0.00571186 64.5628
6.597 0.00570614 64.5738
6.598 0.00570042 64.5848
6.599 0.0056947 64.5958
6.6 0.00568899 64.6068
6.601 0.00568328 64.6178
6.602 0.00567759 64.6288
6.603 0.00567189 64.6398
6.604 0.0056662 64.6508
6.605 0.00566052 64.6618
6.606 0.00565485 64.6728
6.607 0.00564918 64.6838
6.608 0.00564351 64.6948
6.609 0.00563785 64.7057
6.61 0.0056322 64.7167
6.611 0.00562655 64.7277
6.612 0.00562091 64.7387
6.613 0.00561527 64.7497
6.614 0.00560964 64.7607
6.615 0.00560402 64.7717
6.616 0.0055984 64.7827
6.617 0.00559279 64.7937
6.618 0.00558718 64.8047
6.619 0.00558158 64.8157
6.62 0.00557598 64.8267
6.621 0.00557039 64.8377
6.622 0.0055648 64.8487
6.623 0.00555922 64.8597
6.624 0.00555365 64.8706
6.625 0.00554808 64.8816
6.626 0.00554252 64.8926
6.627 0.00553696 64.9036
6.628 0.00553141 64.9146
6.629 0.00552586 64.9256
6.63 0.00552032 64.9366
6.631 0.00551479 64.9476
6.632 0.00550926 64.9586
6.633 0.00550373 64.9696
6.634 0.00549822 64.9806
6.635 0.0054927 64.9916
6.636 0.0054872 65.0026
6.637 0.00548169 65.0136
6.638 0.0054762 65.0246
6.639 0.00547071 65.0355
6.64 0.00546522 65.0465
6.641 0.00545974 65.0575
6.642 0.00545427 65.0685
6.643 0.0054488 65.0795
6.644 0.00544334 65.0905
6.645 0.00543788 65.1015
6.646 0.00543243 65.1125
6.647 0.00542698 65.1235
6.648 0.00542154 65.1345
6.649 0.0054161 65.1455
6.65 0.00541067 65.1565
6.651 0.00540525 65.1675
6.652 0.00539983 65.1785
6.653 0.00539442 65.1895
6.654 0.00538901 65.2004
6.655 0.00538361 65.2114
6.656 0.00537821 65.2224
6.657 0.00537282 65.2334
6.658 0.00536743 65.2444
6.659 0.00536205 65.2554
6.66 0.00535667 65.2664
6.661 0.0053513 65.2774
6.662 0.00534594 65.2884
6.663 0.00534058 65.2994
6.664 0.00533522 65.3104
6.665 0.00532987 65.3214
6.666 0.00532453 65.3324
6.667 0.00531919 65.3434
6.668 0.00531386 65.3544
6.669 0.00530853 65.3654
6.67 0.00530321 65.3763
6.671 0.00529789 65.3873
6.672 0.00529258 65.3983
6.673 0.00528728 65.4093
6.674 0.00528198 65.4203
6.675 0.00527668 65.4313
6.676 0.00527139 65.4423
6.677 0.00526611 65.4533
6.678 0.00526083 65.4643
6.679 0.00525555 65.4753
6.68 0.00525028 65.4863
6.681 0.00524502 65.4973
6.682 0.00523976 65.5083
6.683 0.00523451 65.5193
6.684 0.00522926 65.5303
6.685 0.00522402 65.5413
6.686 0.00521878 65.5522
6.687 0.00521355 65.5632
6.688 0.00520832 65.5742
6.689 0.0052031 65.5852
6.69 0.00519789 65.5962
6.691 0.00519268 65.6072
6.692 0.00518747 65.6182
6.693 0.00518227 65.6292
6.694 0.00517708 65.6402
6.695 0.00517189 65.6512
6.696 0.0051667 65.6622
6.697 0.00516152 65.6732
6.698 0.00515635 65.6842
6.699 0.00515118 65.6952
6.7 0.00514602 65.7062
6.701 0.00514086 65.7172
6.702 0.0051357 65.7281
6.703 0.00513055 65.7391
6.704 0.00512541 65.7501
6.705 0.00512027 65.7611
6.706 0.00511514 65.7721
6.707 0.00511001 65.7831
6.708 0.00510489 65.7941
6.709 0.00509977 65.8051
6.71 0.00509466 65.8161
6.711 0.00508956 65.8271
6.712 0.00508445 65.8381
6.713 0.00507936 65.8491
6.714 0.00507427 65.8601
6.715 0.00506918 65.8711
6.716 0.0050641 65.8821
6.717 0.00505902 65.8931
6.718 0.00505395 65.904
6.719 0.00504888 65.915
6.72 0.00504382 65.926
6.721 0.00503877 65.937
6.722 0.00503372 65.948
6.723 0.00502867 65.959
6.724 0.00502363 65.97
6.725 0.00501859 65.981
6.726 0.00501356 65.992
6.727 0.00500854 66.003
6.728 0.00500352 66.014
6.729 0.0049985 66.025
6.73 0.00499349 66.036
6.731 0.00498849 66.047
6.732 0.00498349 66.058
6.733 0.00497849 66.069
6.734 0.0049735 66.08
6.735 0.00496852 66.0909
6.736 0.00496354 66.1019
6.737 0.00495856 66.1129
6.738 0.00495359 66.1239
6.739 0.00494863 66.1349
6.74 0.00494367 66.1459
6.741 0.00493871 66.1569
6.742 0.00493376 66.1679
6.743 0.00492882 66.1789
6.744 0.00492387 66.1899
6.745 0.00491894 66.2009
6.746 0.00491401 66.2119
6.747 0.00490908 66.2229
6.748 0.00490416 66.2339
6.749 0.00489925 66.2449
6.75 0.00489434 66.2559
6.751 0.00488943 66.2669
6.752 0.00488453 66.2778
6.753 0.00487964 66.2888
6.754 0.00487474 66.2998
6.755 0.00486986 66.3108
6.756 0.00486498 66.3218
6.757 0.0048601 66.3328
6.758 0.00485523 66.3438
6.759 0.00485036 66.3548
6.76 0.0048455 66.3658
6.761 0.00484065 66.3768
6.762 0.00483579 66.3878
6.763 0.00483095 66.3988
6.764 0.00482611 66.4098
6.765 0.00482127 66.4208
6.766 0.00481644 66.4318
6.767 0.00481161 66.4428
6.768 0.00480679 66.4538
6.769 0.00480197 66.4647
6.77 0.00479716 66.4757
6.771 0.00479235 66.4867
6.772 0.00478755 66.4977
6.773 0.00478275 66.5087
6.774 0.00477795 66.5197
6.775 0.00477317 66.5307
6.776 0.00476838 66.5417
6.777 0.0047636 66.5527
6.778 0.00475883 66.5637
6.779 0.00475406 66.5747
6.78 0.00474929 66.5857
6.781 0.00474453 66.5967
6.782 0.00473978 66.6077
6.783 0.00473503 66.6187
6.784 0.00473028 66.6297
6.785 0.00472554 66.6407
6.786 0.00472081 66.6517
6.787 0.00471608 66.6626
6.788 0.00471135 66.6736
6.789 0.00470663 66.6846
6.79 0.00470191 66.6956
6.791 0.0046972 66.7066
6.792 0.00469249 66.7176
6.793 0.00468779 66.7286
6.794 0.00468309 66.7396
6.795 0.0046784 66.7506
6.796 0.00467371 66.7616
6.797 0.00466902 66.7726
6.798 0.00466435 66.7836
6.799 0.00465967 66.7946
6.8 0.004655 66.8056
6.801 0.00465034 66.8166
6.802 0.00464568 66.8276
6.803 0.00464102 66.8386
6.804 0.00463637 66.8496
6.805 0.00463172 66.8605
6.806 0.00462708 66.8715
6.807 0.00462244 66.8825
6.808 0.00461781 66.8935
6.809 0.00461318 66.9045
6.81 0.00460856 66.9155
6.811 0.00460394 66.9265
6.812 0.00459933 66.9375
6.813 0.00459472 66.9485
6.814 0.00459012 66.9595
6.815 0.00458552 66.9705
6.816 0.00458092 66.9815
6.817 0.00457633 66.9925
6.818 0.00457174 67.0035
6.819 0.00456716 67.0145
6.82 0.00456259 67.0255
6.821 0.00455801 67.0365
6.822 0.00455345 67.0475
6.823 0.00454888 67.0584
6.824 0.00454432 67.0694
6.825 0.00453977 67.0804
6.826 0.00453522 67.0914
6.827 0.00453068 67.1024
6.828 0.00452614 67.1134
6.829 0.0045216 67.1244
6.83 0.00451707 67.1354
6.831 0.00451254 67.1464
6.832 0.00450802 67.1574
6.833 0.0045035 67.1684
6.834 0.00449899 67.1794
6.835 0.00449448 67.1904
6.836 0.00448998 67.2014
6.837 0.00448548 67.2124
6.838 0.00448098 67.2234
6.839 0.00447649 67.2344
6.84 0.00447201 67.2454
6.841 0.00446753 67.2563
6.842 0.00446305 67.2673
6.843 0.00445858 67.2783
6.844 0.00445411 67.2893
6.845 0.00444965 67.3003
6.846 0.00444519 67.3113
6.847 0.00444073 67.3223
6.848 0.00443628 67.3333
6.849 0.00443184 67.3443
6.85 0.0044274 67.3553
6.851 0.00442296 67.3663
6.852 0.00441853 67.3773
6.853 0.0044141 67.3883
6.854 0.00440968 67.3993
6.855 0.00440526 67.4103
6.856 0.00440085 67.4213
6.857 0.00439644 67.4323
6.858 0.00439203 67.4433
6.859 0.00438763 67.4543
6.86 0.00438323 67.4652
6.861 0.00437884 67.4762
6.862 0.00437445 67.4872
6.863 0.00437007 67.4982
6.864 0.00436569 67.5092
6.865 0.00436132 67.5202
6.866 0.00435695 67.5312
6.867 0.00435258 67.5422
6.868 0.00434822 67.5532
6.869 0.00434386 67.5642
6.87 0.00433951 67.5752
6.871 0.00433516 67.5862
6.872 0.00433082 67.5972
6.873 0.00432648 67.6082
6.874 0.00432215 67.6192
6.875 0.00431782 67.6302
6.876 0.00431349 67.6412
6.877 0.00430917 67.6522
6.878 0.00430485 67.6632
6.879 0.00430054 67.6741
6.88 0.00429623 67.6851
6.881 0.00429192 67.6961
6.882 0.00428762 67.7071
6.883 0.00428333 67.7181
6.884 0.00427903 67.7291
6.885 0.00427475 67.7401
6.886 0.00427046 67.7511
6.887 0.00426618 67.7621
6.888 0.00426191 67.7731
6.889 0.00425764 67.7841
6.89 0.00425337 67.7951
6.891 0.00424911 67.8061
6.892 0.00424486 67.8171
6.893 0.0042406 67.8281
6.894 0.00423635 67.8391
6.895 0.00423211 67.8501
6.896 0.00422787 67.8611
6.897 0.00422363 67.8721
6.898 0.0042194 67.8831
6.899 0.00421517 67.894
6.9 0.00421095 67.905
6.901 0.00420673 67.916
6.902 0.00420252 67.927
6.903 0.00419831 67.938
6.904 0.0041941 67.949
6.905 0.0041899 67.96
6.906 0.0041857 67.971
6.907 0.00418151 67.982
6.908 0.00417732 67.993
6.909 0.00417313 68.004
6.91 0.00416895 68.015
6.911 0.00416477 68.026
6.912 0.0041606 68.037
6.913 0.00415643 68.048
6.914 0.00415227 68.059
6.915 0.00414811 68.07
6.916 0.00414395 68.081
6.917 0.0041398 68.092
6.918 0.00413565 68.103
6.919 0.00413151 68.1139
6.92 0.00412737 68.1249
6.921 0.00412324 68.1359
6.922 0.0041191 68.1469
6.923 0.00411498 68.1579
6.924 0.00411086 68.1689
6.925 0.00410674 68.1799
6.926 0.00410262 68.1909
6.927 0.00409851 68.2019
6.928 0.00409441 68.2129
6.929 0.0040903 68.2239
6.93 0.00408621 68.2349
6.931 0.00408211 68.2459
6.932 0.00407802 68.2569
6.933 0.00407394 68.2679
6.934 0.00406986 68.2789
6.935 0.00406578 68.2899
6.936 0.00406171 68.3009
6.937 0.00405764 68.3119
6.938 0.00405357 68.3229
6.939 0.00404951 68.3338
6.94 0.00404545 68.3448
6.941 0.0040414 68.3558
6.942 0.00403735 68.3668
6.943 0.00403331 68.3778
6.944 0.00402927 68.3888
6.945 0.00402523 68.3998
6.946 0.0040212 68.4108
6.947 0.00401717 68.4218
6.948 0.00401315 68.4328
6.949 0.00400912 68.4438
6.95 0.00400511 68.4548
6.951 0.0040011 68.4658
6.952 0.00399709 68.4768
6.953 0.00399308 68.4878
6.954 0.00398908 68.4988
6.955 0.00398509 68.5098
6.956 0.0039811 68.5208
6.957 0.00397711 68.5318
6.958 0.00397312 68.5428
6.959 0.00396914 68.5538
6.96 0.00396517 68.5647
6.961 0.00396119 68.5757
6.962 0.00395723 68.5867
6.963 0.00395326 68.5977
6.964 0.0039493 68.6087
6.965 0.00394535 68.6197
6.966 0.00394139 68.6307
6.967 0.00393744 68.6417
6.968 0.0039335 68.6527
6.969 0.00392956 68.6637
6.97 0.00392562 68.6747
6.971 0.00392169 68.6857
6.972 0.00391776 68.6967
6.973 0.00391384 68.7077
6.974 0.00390992 68.7187
6.975 0.003906 68.7297
6.976 0.00390209 68.7407
6.977 0.00389818 68.7517
6.978 0.00389427 68.7627
6.979 0.00389037 68.7737
6.98 0.00388648 68.7847
6.981 0.00388258 68.7956
6.982 0.00387869 68.8066
6.983 0.00387481 68.8176
6.984 0.00387093 68.8286
6.985 0.00386705 68.8396
6.986 0.00386318 68.8506
6.987 0.00385931 68.8616
6.988 0.00385544 68.8726
6.989 0.00385158 68.8836
6.99 0.00384772 68.8946
6.991 0.00384387 68.9056
6.992 0.00384001 68.9166
6.993 0.00383617 68.9276
6.994 0.00383233 68.9386
6.995 0.00382849 68.9496
6.996 0.00382465 68.9606
6.997 0.00382082 68.9716
6.998 0.00381699 68.9826
6.999 0.00381317 68.9936
7 0.00380935 69.0046
7.001 0.00380553 69.0156
7.002 0.00380172 69.0266
7.003 0.00379791 69.0375
7.004 0.00379411 69.0485
7.005 0.00379031 69.0595
7.006 0.00378651 69.0705
7.007 0.00378272 69.0815
7.008 0.00377893 69.0925
7.009 0.00377515 69.1035
7.01 0.00377136 69.1145
7.011 0.00376759 69.1255
7.012 0.00376381 69.1365
7.013 0.00376004 69.1475
7.014 0.00375628 69.1585
7.015 0.00375251 69.1695
7.016 0.00374876 69.1805
7.017 0.003745 69.1915
7.018 0.00374125 69.2025
7.019 0.0037375 69.2135
7.02 0.00373376 69.2245
7.021 0.00373002 69.2355
7.022 0.00372628 69.2465
7.023 0.00372255 69.2575
7.024 0.00371882 69.2685
7.025 0.0037151 69.2794
7.026 0.00371138 69.2904
7.027 0.00370766 69.3014
7.028 0.00370394 69.3124
7.029 0.00370023 69.3234
7.03 0.00369653 69.3344
7.031 0.00369283 69.3454
7.032 0.00368913 69.3564
7.033 0.00368543 69.3674
7.034 0.00368174 69.3784
7.035 0.00367805 69.3894
7.036 0.00367437 69.4004
7.037 0.00367069 69.4114
7.038 0.00366701 69.4224
7.039 0.00366334 69.4334
7.04 0.00365967 69.4444
7.041 0.003656 69.4554
7.042 0.00365234 69.4664
7.043 0.00364868 69.4774
7.044 0.00364503 69.4884
7.045 0.00364138 69.4994
7.046 0.00363773 69.5104
7.047 0.00363409 69.5214
7.048 0.00363045 69.5323
7.049 0.00362681 69.5433
7.05 0.00362318 69.5543
7.051 0.00361955 69.5653
7.052 0.00361593 69.5763
7.053 0.0036123 69.5873
7.054 0.00360869 69.5983
7.055 0.00360507 69.6093
7.056 0.00360146 69.6203
7.057 0.00359785 69.6313
7.058 0.00359425 69.6423
7.059 0.00359065 69.6533
7.06 0.00358705 69.6643
7.061 0.00358346 69.6753
7.062 0.00357987 69.6863
7.063 0.00357629 69.6973
7.064 0.00357271 69.7083
7.065 0.00356913 69.7193
7.066 0.00356555 69.7303
7.067 0.00356198 69.7413
7.068 0.00355841 69.7523
7.069 0.00355485 69.7633
7.07 0.00355129 69.7743
7.071 0.00354773 69.7852
7.072 0.00354418 69.7962
7.073 0.00354063 69.8072
7.074 0.00353708 69.8182
7.075 0.00353354 69.8292
7.076 0.00353 69.8402
7.077 0.00352647 69.8512
7.078 0.00352294 69.8622
7.079 0.00351941 69.8732
7.08 0.00351588 69.8842
7.081 0.00351236 69.8952
7.082 0.00350884 69.9062
7.083 0.00350533 69.9172
7.084 0.00350182 69.9282
7.085 0.00349831 69.9392
7.086 0.00349481 69.9502
7.087 0.00349131 69.9612
7.088 0.00348781 69.9722
7.089 0.00348432 69.9832
7.09 0.00348083 69.9942
7.091 0.00347734 70.0052
7.092 0.00347386 70.0162
7.093 0.00347038 70.0272
7.094 0.00346691 70.0382
7.095 0.00346343 70.0491
7.096 0.00345997 70.0601
7.097 0.0034565 70.0711
7.098 0.00345304 70.0821
7.099 0.00344958 70.0931
7.1 0.00344613 70.1041
7.101 0.00344267 70.1151
7.102 0.00343923 70.1261
7.103 0.00343578 70.1371
7.104 0.00343234 70.1481
7.105 0.0034289 70.1591
7.106 0.00342547 70.1701
7.107 0.00342204 70.1811
7.108 0.00341861 70.1921
7.109 0.00341519 70.2031
7.11 0.00341177 70.2141
7.111 0.00340835 70.2251
7.112 0.00340494 70.2361
7.113 0.00340153 70.2471
7.114 0.00339812 70.2581
7.115 0.00339472 70.2691
7.116 0.00339132 70.2801
7.117 0.00338792 70.2911
7.118 0.00338453 70.3021
7.119 0.00338114 70.313
7.12 0.00337776 70.324
7.121 0.00337437 70.335
7.122 0.00337099 70.346
7.123 0.00336762 70.357
7.124 0.00336425 70.368
7.125 0.00336088 70.379
7.126 0.00335751 70.39
7.127 0.00335415 70.401
7.128 0.00335079 70.412
7.129 0.00334743 70.423
7.13 0.00334408 70.434
7.131 0.00334073 70.445
7.132 0.00333739 70.456
7.133 0.00333405 70.467
7.134 0.00333071 70.478
7.135 0.00332737 70.489
7.136 0.00332404 70.5
7.137 0.00332071 70.511
7.138 0.00331739 70.522
7.139 0.00331406 70.533
7.14 0.00331074 70.544
7.141 0.00330743 70.555
7.142 0.00330412 70.566
7.143 0.00330081 70.577
7.144 0.0032975 70.5879
7.145 0.0032942 70.5989
7.146 0.0032909 70.6099
7.147 0.00328761 70.6209
7.148 0.00328431 70.6319
7.149 0.00328103 70.6429
7.15 0.00327774 70.6539
7.151 0.00327446 70.6649
7.152 0.00327118 70.6759
7.153 0.0032679 70.6869
7.154 0.00326463 70.6979
7.155 0.00326136 70.7089
7.156 0.0032581 70.7199
7.157 0.00325483 70.7309
7.158 0.00325157 70.7419
7.159 0.00324832 70.7529
7.16 0.00324507 70.7639
7.161 0.00324182 70.7749
7.162 0.00323857 70.7859
7.163 0.00323533 70.7969
7.164 0.00323209 70.8079
7.165 0.00322885 70.8189
7.166 0.00322562 70.8299
7.167 0.00322239 70.8409
7.168 0.00321916 70.8519
7.169 0.00321594 70.8629
7.17 0.00321272 70.8738
7.171 0.0032095 70.8848
7.172 0.00320629 70.8958
7.173 0.00320308 70.9068
7.174 0.00319987 70.9178
7.175 0.00319666 70.9288
7.176 0.00319346 70.9398
7.177 0.00319027 70.9508
7.178 0.00318707 70.9618
7.179 0.00318388 70.9728
7.18 0.00318069 70.9838
7.181 0.00317751 70.9948
7.182 0.00317433 71.0058
7.183 0.00317115 71.0168
7.184 0.00316797 71.0278
7.185 0.0031648 71.0388
7.186 0.00316163 71.0498
7.187 0.00315846 71.0608
7.188 0.0031553 71.0718
7.189 0.00315214 71.0828
7.19 0.00314899 71.0938
7.191 0.00314583 71.1048
7.192 0.00314268 71.1158
7.193 0.00313954 71.1268
7.194 0.00313639 71.1378
7.195 0.00313325 71.1488
7.196 0.00313011 71.1597
7.197 0.00312698 71.1707
7.198 0.00312385 71.1817
7.199 0.00312072 71.1927
7.2 0.0031176 71.2037
7.201 0.00311448 71.2147
7.202 0.00311136 71.2257
7.203 0.00310824 71.2367
7.204 0.00310513 71.2477
7.205 0.00310202 71.2587
7.206 0.00309891 71.2697
7.207 0.00309581 71.2807
7.208 0.00309271 71.2917
7.209 0.00308962 71.3027
7.21 0.00308652 71.3137
7.211 0.00308343 71.3247
7.212 0.00308034 71.3357
7.213 0.00307726 71.3467
7.214 0.00307418 71.3577
7.215 0.0030711 71.3687
7.216 0.00306803 71.3797
7.217 0.00306495 71.3907
7.218 0.00306188 71.4017
7.219 0.00305882 71.4127
7.22 0.00305576 71.4237
7.221 0.0030527 71.4347
7.222 0.00304964 71.4457
7.223 0.00304659 71.4566
7.224 0.00304354 71.4676
7.225 0.00304049 71.4786
7.226 0.00303744 71.4896
7.227 0.0030344 71.5006
7.228 0.00303137 71.5116
7.229 0.00302833 71.5226
7.23 0.0030253 71.5336
7.231 0.00302227 71.5446
7.232 0.00301924 71.5556
7.233 0.00301622 71.5666
7.234 0.0030132 71.5776
7.235 0.00301018 71.5886
7.236 0.00300717 71.5996
7.237 0.00300416 71.6106
7.238 0.00300115 71.6216
7.239 0.00299815 71.6326
7.24 0.00299514 71.6436
7.241 0.00299215 71.6546
7.242 0.00298915 71.6656
7.243 0.00298616 71.6766
7.244 0.00298317 71.6876
7.245 0.00298018 71.6986
7.246 0.0029772 71.7096
7.247 0.00297422 71.7206
7.248 0.00297124 71.7316
7.249 0.00296826 71.7426
7.25 0.00296529 71.7536
7.251 0.00296232 71.7645
7.252 0.00295936 71.7755
7.253 0.00295639 71.7865
7.254 0.00295343 71.7975
7.255 0.00295048 71.8085
7.256 0.00294752 71.8195
7.257 0.00294457 71.8305
7.258 0.00294162 71.8415
7.259 0.00293868 71.8525
7.26 0.00293574 71.8635
7.261 0.0029328 71.8745
7.262 0.00292986 71.8855
7.263 0.00292693 71.8965
7.264 0.002924 71.9075
7.265 0.00292107 71.9185
7.266 0.00291815 71.9295
7.267 0.00291522 71.9405
7.268 0.00291231 71.9515
7.269 0.00290939 71.9625
7.27 0.00290648 71.9735
7.271 0.00290357 71.9845
7.272 0.00290066 71.9955
7.273 0.00289776 72.0065
7.274 0.00289485 72.0175
7.275 0.00289196 72.0285
7.276 0.00288906 72.0395
7.277 0.00288617 72.0505
7.278 0.00288328 72.0615
7.279 0.00288039 72.0725
7.28 0.00287751 72.0834
7.281 0.00287463 72.0944
7.282 0.00287175 72.1054
7.283 0.00286888 72.1164
7.284 0.002866 72.1274
7.285 0.00286313 72.1384
7.286 0.00286027 72.1494
7.287 0.0028574 72.1604
7.288 0.00285454 72.1714
7.289 0.00285169 72.1824
7.29 0.00284883 72.1934
7.291 0.00284598 72.2044
7.292 0.00284313 72.2154
7.293 0.00284028 72.2264
7.294 0.00283744 72.2374
7.295 0.0028346 72.2484
7.296 0.00283176 72.2594
7.297 0.00282893 72.2704
7.298 0.00282609 72.2814
7.299 0.00282326 72.2924
7.3 0.00282044 72.3034
7.301 0.00281761 72.3144
7.302 0.00281479 72.3254
7.303 0.00281198 72.3364
7.304 0.00280916 72.3474
7.305 0.00280635 72.3584
7.306 0.00280354 72.3694
7.307 0.00280073 72.3804
7.308 0.00279793 72.3914
7.309 0.00279513 72.4023
7.31 0.00279233 72.4133
7.311 0.00278953 72.4243
7.312 0.00278674 72.4353
7.313 0.00278395 72.4463
7.314 0.00278116 72.4573
7.315 0.00277838 72.4683
7.316 0.0027756 72.4793
7.317 0.00277282 72.4903
7.318 0.00277004 72.5013
7.319 0.00276727 72.5123
7.32 0.0027645 72.5233
7.321 0.00276173 72.5343
7.322 0.00275897 72.5453
7.323 0.00275621 72.5563
7.324 0.00275345 72.5673
7.325 0.00275069 72.5783
7.326 0.00274794 72.5893
7.327 0.00274519 72.6003
7.328 0.00274244 72.6113
7.329 0.00273969 72.6223
7.33 0.00273695 72.6333
7.331 0.00273421 72.6443
7.332 0.00273147 72.6553
7.333 0.00272874 72.6663
7.334 0.00272601 72.6773
7.335 0.00272328 72.6883
7.336 0.00272055 72.6993
7.337 0.00271783 72.7103
7.338 0.00271511 72.7213
7.339 0.00271239 72.7322
7.34 0.00270968 72.7432
7.341 0.00270696 72.7542
7.342 0.00270425 72.7652
7.343 0.00270155 72.7762
7.344 0.00269884 72.7872
7.345 0.00269614 72.7982
7.346 0.00269344 72.8092
7.347 0.00269074 72.8202
7.348 0.00268805 72.8312
7.349 0.00268536 72.8422
7.35 0.00268267 72.8532
7.351 0.00267999 72.8642
7.352 0.0026773 72.8752
7.353 0.00267462 72.8862
7.354 0.00267195 72.8972
7.355 0.00266927 72.9082
7.356 0.0026666 72.9192
7.357 0.00266393 72.9302
7.358 0.00266126 72.9412
7.359 0.0026586 72.9522
7.36 0.00265594 72.9632
7.361 0.00265328 72.9742
7.362 0.00265062 72.9852
7.363 0.00264797 72.9962
7.364 0.00264532 73.0072
7.365 0.00264267 73.0182
7.366 0.00264003 73.0292
7.367 0.00263738 73.0402
7.368 0.00263474 73.0512
7.369 0.00263211 73.0622
7.37 0.00262947 73.0732
7.371 0.00262684 73.0841
7.372 0.00262421 73.0951
7.373 0.00262158 73.1061
7.374 0.00261896 73.1171
7.375 0.00261634 73.1281
7.376 0.00261372 73.1391
7.377 0.0026111 73.1501
7.378 0.00260849 73.1611
7.379 0.00260588 73.1721
7.38 0.00260327 73.1831
7.381 0.00260066 73.1941
7.382 0.00259806 73.2051
7.383 0.00259546 73.2161
7.384 0.00259286 73.2271
7.385 0.00259027 73.2381
7.386 0.00258767 73.2491
7.387 0.00258508 73.2601
7.388 0.00258249 73.2711
7.389 0.00257991 73.2821
7.39 0.00257733 73.2931
7.391 0.00257475 73.3041
7.392 0.00257217 73.3151
7.393 0.0025696 73.3261
7.394 0.00256702 73.3371
7.395 0.00256445 73.3481
7.396 0.00256189 73.3591
7.397 0.00255932 73.3701
7.398 0.00255676 73.3811
7.399 0.0025542 73.3921
7.4 0.00255164 73.4031
7.401 0.00254909 73.4141
7.402 0.00254654 73.4251
7.403 0.00254399 73.436
7.404 0.00254144 73.447
7.405 0.0025389 73.458
7.406 0.00253636 73.469
7.407 0.00253382 73.48
7.408 0.00253128 73.491
7.409 0.00252875 73.502
7.41 0.00252622 73.513
7.411 0.00252369 73.524
7.412 0.00252116 73.535
7.413 0.00251864 73.546
7.414 0.00251612 73.557
7.415 0.0025136 73.568
7.416 0.00251108 73.579
7.417 0.00250857 73.59
7.418 0.00250606 73.601
7.419 0.00250355 73.612
7.42 0.00250105 73.623
7.421 0.00249854 73.634
7.422 0.00249604 73.645
7.423 0.00249354 73.656
7.424 0.00249105 73.667
7.425 0.00248855 73.678
7.426 0.00248606 73.689
7.427 0.00248358 73.7
7.428 0.00248109 73.711
7.429 0.00247861 73.722
7.43 0.00247613 73.733
7.431 0.00247365 73.744
7.432 0.00247117 73.755
7.433 0.0024687 73.766
7.434 0.00246623 73.777
7.435 0.00246376 73.788
7.436 0.00246129 73.7989
7.437 0.00245883 73.8099
7.438 0.00245637 73.8209
7.439 0.00245391 73.8319
7.44 0.00245145 73.8429
7.441 0.002449 73.8539
7.442 0.00244655 73.8649
7.443 0.0024441 73.8759
7.444 0.00244165 73.8869
7.445 0.00243921 73.8979
7.446 0.00243677 73.9089
7.447 0.00243433 73.9199
7.448 0.00243189 73.9309
7.449 0.00242946 73.9419
7.45 0.00242703 73.9529
7.451 0.0024246 73.9639
7.452 0.00242217 73.9749
7.453 0.00241975 73.9859
7.454 0.00241732 73.9969
7.455 0.0024149 74.0079
7.456 0.00241249 74.0189
7.457 0.00241007 74.0299
7.458 0.00240766 74.0409
7.459 0.00240525 74.0519
7.46 0.00240284 74.0629
7.461 0.00240044 74.0739
7.462 0.00239804 74.0849
7.463 0.00239564 74.0959
7.464 0.00239324 74.1069
7.465 0.00239084 74.1179
7.466 0.00238845 74.1289
7.467 0.00238606 74.1399
7.468 0.00238367 74.1509
7.469 0.00238129 74.1619
7.47 0.0023789 74.1729
7.471 0.00237652 74.1838
7.472 0.00237414 74.1948
7.473 0.00237177 74.2058
7.474 0.00236939 74.2168
7.475 0.00236702 74.2278
7.476 0.00236465 74.2388
7.477 0.00236229 74.2498
7.478 0.00235992 74.2608
7.479 0.00235756 74.2718
7.48 0.0023552 74.2828
7.481 0.00235284 74.2938
7.482 0.00235049 74.3048
7.483 0.00234814 74.3158
7.484 0.00234578 74.3268
7.485 0.00234344 74.3378
7.486 0.00234109 74.3488
7.487 0.00233875 74.3598
7.488 0.00233641 74.3708
7.489 0.00233407 74.3818
7.49 0.00233173 74.3928
7.491 0.0023294 74.4038
7.492 0.00232707 74.4148
7.493 0.00232474 74.4258
7.494 0.00232241 74.4368
7.495 0.00232009 74.4478
7.496 0.00231777 74.4588
7.497 0.00231545 74.4698
7.498 0.00231313 74.4808
7.499 0.00231081 74.4918
7.5 0.0023085 74.5028
7.501 0.00230619 74.5138
7.502 0.00230388 74.5248
7.503 0.00230158 74.5358
7.504 0.00229927 74.5468
7.505 0.00229697 74.5578
7.506 0.00229467 74.5687
7.507 0.00229238 74.5797
7.508 0.00229008 74.5907
7.509 0.00228779 74.6017
7.51 0.0022855 74.6127
7.511 0.00228321 74.6237
7.512 0.00228093 74.6347
7.513 0.00227865 74.6457
7.514 0.00227637 74.6567
7.515 0.00227409 74.6677
7.516 0.00227181 74.6787
7.517 0.00226954 74.6897
7.518 0.00226727 74.7007
7.519 0.002265 74.7117
7.52 0.00226273 74.7227
7.521 0.00226047 74.7337
7.522 0.0022582 74.7447
7.523 0.00225594 74.7557
7.524 0.00225369 74.7667
7.525 0.00225143 74.7777
7.526 0.00224918 74.7887
7.527 0.00224693 74.7997
7.528 0.00224468 74.8107
7.529 0.00224243 74.8217
7.53 0.00224019 74.8327
7.531 0.00223795 74.8437
7.532 0.00223571 74.8547
7.533 0.00223347 74.8657
7.534 0.00223123 74.8767
7.535 0.002229 74.8877
7.536 0.00222677 74.8987
7.537 0.00222454 74.9097
7.538 0.00222231 74.9207
7.539 0.00222009 74.9317
7.54 0.00221787 74.9427
7.541 0.00221565 74.9537
7.542 0.00221343 74.9647
7.543 0.00221122 74.9756
7.544 0.002209 74.9866
7.545 0.00220679 74.9976
7.546 0.00220458 75.0086
7.547 0.00220238 75.0196
7.548 0.00220017 75.0306
7.549 0.00219797 75.0416
7.55 0.00219577 75.0526
7.551 0.00219358 75.0636
7.552 0.00219138 75.0746
7.553 0.00218919 75.0856
7.554 0.002187 75.0966
7.555 0.00218481 75.1076
7.556 0.00218262 75.1186
7.557 0.00218044 75.1296
7.558 0.00217825 75.1406
7.559 0.00217607 75.1516
7.56 0.0021739 75.1626
7.561 0.00217172 75.1736
7.562 0.00216955 75.1846
7.563 0.00216738 75.1956
7.564 0.00216521 75.2066
7.565 0.00216304 75.2176
7.566 0.00216088 75.2286
7.567 0.00215871 75.2396
7.568 0.00215655 75.2506
7.569 0.0021544 75.2616
7.57 0.00215224 75.2726
7.571 0.00215009 75.2836
7.572 0.00214793 75.2946
7.573 0.00214578 75.3056
7.574 0.00214364 75.3166
7.575 0.00214149 75.3276
7.576 0.00213935 75.3386
7.577 0.00213721 75.3496
7.578 0.00213507 75.3606
7.579 0.00213293 75.3716
7.58 0.0021308 75.3826
7.581 0.00212867 75.3936
7.582 0.00212654 75.4045
7.583 0.00212441 75.4155
7.584 0.00212228 75.4265
7.585 0.00212016 75.4375
7.586 0.00211804 75.4485
7.587 0.00211592 75.4595
7.588 0.0021138 75.4705
7.589 0.00211168 75.4815
7.59 0.00210957 75.4925
7.591 0.00210746 75.5035
7.592 0.00210535 75.5145
7.593 0.00210324 75.5255
7.594 0.00210114 75.5365
7.595 0.00209904 75.5475
7.596 0.00209694 75.5585
7.597 0.00209484 75.5695
7.598 0.00209274 75.5805
7.599 0.00209065 75.5915
7.6 0.00208856 75.6025
7.601 0.00208647 75.6135
7.602 0.00208438 75.6245
7.603 0.00208229 75.6355
7.604 0.00208021 75.6465
7.605 0.00207813 75.6575
7.606 0.00207605 75.6685
7.607 0.00207397 75.6795
7.608 0.00207189 75.6905
7.609 0.00206982 75.7015
7.61 0.00206775 75.7125
7.611 0.00206568 75.7235
7.612 0.00206361 75.7345
7.613 0.00206155 75.7455
7.614 0.00205948 75.7565
7.615 0.00205742 75.7675
7.616 0.00205537 75.7785
7.617 0.00205331 75.7895
7.618 0.00205125 75.8005
7.619 0.0020492 75.8115
7.62 0.00204715 75.8225
7.621 0.0020451 75.8335
7.622 0.00204306 75.8444
7.623 0.00204101 75.8554
7.624 0.00203897 75.8664
7.625 0.00203693 75.8774
7.626 0.00203489 75.8884
7.627 0.00203285 75.8994
7.628 0.00203082 75.9104
7.629 0.00202879 75.9214
7.63 0.00202676 75.9324
7.631 0.00202473 75.9434
7.632 0.0020227 75.9544
7.633 0.00202068 75.9654
7.634 0.00201866 75.9764
7.635 0.00201664 75.9874
7.636 0.00201462 75.9984
7.637 0.0020126 76.0094
7.638 0.00201059 76.0204
7.639 0.00200858 76.0314
7.64 0.00200657 76.0424
7.641 0.00200456 76.0534
7.642 0.00200255 76.0644
7.643 0.00200055 76.0754
7.644 0.00199855 76.0864
7.645 0.00199655 76.0974
7.646 0.00199455 76.1084
7.647 0.00199255 76.1194
7.648 0.00199056 76.1304
7.649 0.00198857 76.1414
7.65 0.00198658 76.1524
7.651 0.00198459 76.1634
7.652 0.00198261 76.1744
7.653 0.00198062 76.1854
7.654 0.00197864 76.1964
7.655 0.00197666 76.2074
7.656 0.00197468 76.2184
7.657 0.00197271 76.2294
7.658 0.00197073 76.2404
7.659 0.00196876 76.2514
7.66 0.00196679 76.2624
7.661 0.00196482 76.2734
7.662 0.00196286 76.2844
7.663 0.00196089 76.2954
7.664 0.00195893 76.3063
7.665 0.00195697 76.3173
7.666 0.00195501 76.3283
7.667 0.00195305 76.3393
7.668 0.0019511 76.3503
7.669 0.00194915 76.3613
7.67 0.0019472 76.3723
7.671 0.00194525 76.3833
7.672 0.0019433 76.3943
7.673 0.00194136 76.4053
7.674 0.00193942 76.4163
7.675 0.00193748 76.4273
7.676 0.00193554 76.4383
7.677 0.0019336 76.4493
7.678 0.00193167 76.4603
7.679 0.00192973 76.4713
7.68 0.0019278 76.4823
7.681 0.00192587 76.4933
7.682 0.00192395 76.5043
7.683 0.00192202 76.5153
7.684 0.0019201 76.5263
7.685 0.00191818 76.5373
7.686 0.00191626 76.5483
7.687 0.00191434 76.5593
7.688 0.00191242 76.5703
7.689 0.00191051 76.5813
7.69 0.0019086 76.5923
7.691 0.00190669 76.6033
7.692 0.00190478 76.6143
7.693 0.00190288 76.6253
7.694 0.00190097 76.6363
7.695 0.00189907 76.6473
7.696 0.00189717 76.6583
7.697 0.00189527 76.6693
7.698 0.00189337 76.6803
7.699 0.00189148 76.6913
7.7 0.00188959 76.7023
7.701 0.0018877 76.7133
7.702 0.00188581 76.7243
7.703 0.00188392 76.7353
7.704 0.00188204 76.7463
7.705 0.00188015 76.7573
7.706 0.00187827 76.7683
7.707 0.00187639 76.7792
7.708 0.00187451 76.7902
7.709 0.00187264 76.8012
7.71 0.00187077 76.8122
7.711 0.00186889 76.8232
7.712 0.00186702 76.8342
7.713 0.00186516 76.8452
7.714 0.00186329 76.8562
7.715 0.00186142 76.8672
7.716 0.00185956 76.8782
7.717 0.0018577 76.8892
7.718 0.00185584 76.9002
7.719 0.00185399 76.9112
7.72 0.00185213 76.9222
7.721 0.00185028 76.9332
7.722 0.00184843 76.9442
7.723 0.00184658 76.9552
7.724 0.00184473 76.9662
7.725 0.00184288 76.9772
7.726 0.00184104 76.9882
7.727 0.0018392 76.9992
7.728 0.00183736 77.0102
7.729 0.00183552 77.0212
7.73 0.00183368 77.0322
7.731 0.00183185 77.0432
7.732 0.00183001 77.0542
7.733 0.00182818 77.0652
7.734 0.00182635 77.0762
7.735 0.00182453 77.0872
7.736 0.0018227 77.0982
7.737 0.00182088 77.1092
7.738 0.00181906 77.1202
7.739 0.00181724 77.1312
7.74 0.00181542 77.1422
7.741 0.0018136 77.1532
7.742 0.00181179 77.1642
7.743 0.00180997 77.1752
7.744 0.00180816 77.1862
7.745 0.00180635 77.1972
7.746 0.00180455 77.2082
7.747 0.00180274 77.2192
7.748 0.00180094 77.2302
7.749 0.00179914 77.2412
7.75 0.00179734 77.2522
7.751 0.00179554 77.2632
7.752 0.00179374 77.2741
7.753 0.00179195 77.2851
7.754 0.00179015 77.2961
7.755 0.00178836 77.3071
7.756 0.00178657 77.3181
7.757 0.00178479 77.3291
7.758 0.001783 77.3401
7.759 0.00178122 77.3511
7.76 0.00177943 77.3621
7.761 0.00177765 77.3731
7.762 0.00177587 77.3841
7.763 0.0017741 77.3951
7.764 0.00177232 77.4061
7.765 0.00177055 77.4171
7.766 0.00176878 77.4281
7.767 0.00176701 77.4391
7.768 0.00176524 77.4501
7.769 0.00176347 77.4611
7.77 0.00176171 77.4721
7.771 0.00175995 77.4831
7.772 0.00175819 77.4941
7.773 0.00175643 77.5051
7.774 0.00175467 77.5161
7.775 0.00175291 77.5271
7.776 0.00175116 77.5381
7.777 0.00174941 77.5491
7.778 0.00174766 77.5601
7.779 0.00174591 77.5711
7.78 0.00174416 77.5821
7.781 0.00174242 77.5931
7.782 0.00174067 77.6041
7.783 0.00173893 77.6151
7.784 0.00173719 77.6261
7.785 0.00173546 77.6371
7.786 0.00173372 77.6481
7.787 0.00173198 77.6591
7.788 0.00173025 77.6701
7.789 0.00172852 77.6811
7.79 0.00172679 77.6921
7.791 0.00172506 77.7031
7.792 0.00172334 77.7141
7.793 0.00172161 77.7251
7.794 0.00171989 77.7361
7.795 0.00171817 77.7471
7.796 0.00171645 77.7581
7.797 0.00171473 77.7691
7.798 0.00171302 77.7801
7.799 0.0017113 77.7911
7.8 0.00170959 77.802
7.801 0.00170788 77.813
7.802 0.00170617 77.824
7.803 0.00170447 77.835
7.804 0.00170276 77.846
7.805 0.00170106 77.857
7.806 0.00169936 77.868
7.807 0.00169766 77.879
7.808 0.00169596 77.89
7.809 0.00169426 77.901
7.81 0.00169257 77.912
7.811 0.00169087 77.923
7.812 0.00168918 77.934
7.813 0.00168749 77.945
7.814 0.0016858 77.956
7.815 0.00168412 77.967
7.816 0.00168243 77.978
7.817 0.00168075 77.989
7.818 0.00167907 78
7.819 0.00167739 78.011
7.82 0.00167571 78.022
7.821 0.00167403 78.033
7.822 0.00167236 78.044
7.823 0.00167068 78.055
7.824 0.00166901 78.066
7.825 0.00166734 78.077
7.826 0.00166567 78.088
7.827 0.00166401 78.099
7.828 0.00166234 78.11
7.829 0.00166068 78.121
7.83 0.00165902 78.132
7.831 0.00165736 78.143
7.832 0.0016557 78.154
7.833 0.00165404 78.165
7.834 0.00165239 78.176
7.835 0.00165074 78.187
7.836 0.00164908 78.198
7.837 0.00164743 78.209
7.838 0.00164579 78.22
7.839 0.00164414 78.231
7.84 0.00164249 78.242
7.841 0.00164085 78.253
7.842 0.00163921 78.264
7.843 0.00163757 78.275
7.844 0.00163593 78.286
7.845 0.0016343 78.297
7.846 0.00163266 78.308
7.847 0.00163103 78.319
7.848 0.0016294 78.33
7.849 0.00162777 78.341
7.85 0.00162614 78.3519
7.851 0.00162451 78.3629
7.852 0.00162288 78.3739
7.853 0.00162126 78.3849
7.854 0.00161964 78.3959
7.855 0.00161802 78.4069
7.856 0.0016164 78.4179
7.857 0.00161478 78.4289
7.858 0.00161317 78.4399
7.859 0.00161155 78.4509
7.86 0.00160994 78.4619
7.861 0.00160833 78.4729
7.862 0.00160672 78.4839
7.863 0.00160511 78.4949
7.864 0.00160351 78.5059
7.865 0.0016019 78.5169
7.866 0.0016003 78.5279
7.867 0.0015987 78.5389
7.868 0.0015971 78.5499
7.869 0.0015955 78.5609
7.87 0.00159391 78.5719
7.871 0.00159231 78.5829
7.872 0.00159072 78.5939
7.873 0.00158913 78.6049
7.874 0.00158754 78.6159
7.875 0.00158595 78.6269
7.876 0.00158436 78.6379
7.877 0.00158278 78.6489
7.878 0.0015812 78.6599
7.879 0.00157961 78.6709
7.88 0.00157803 78.6819
7.881 0.00157645 78.6929
7.882 0.00157488 78.7039
7.883 0.0015733 78.7149
7.884 0.00157173 78.7259
7.885 0.00157016 78.7369
7.886 0.00156858 78.7479
7.887 0.00156702 78.7589
7.888 0.00156545 78.7699
7.889 0.00156388 78.7809
7.89 0.00156232 78.7919
7.891 0.00156075 78.8029
7.892 0.00155919 78.8139
7.893 0.00155763 78.8249
7.894 0.00155608 78.8359
7.895 0.00155452 78.8469
7.896 0.00155296 78.8579
7.897 0.00155141 78.8689
7.898 0.00154986 78.8799
7.899 0.00154831 78.8909
7.9 0.00154676 78.9019
7.901 0.00154521 78.9129
7.902 0.00154367 78.9239
7.903 0.00154212 78.9348
7.904 0.00154058 78.9458
7.905 0.00153904 78.9568
7.906 0.0015375 78.9678
7.907 0.00153596 78.9788
7.908 0.00153442 78.9898
7.909 0.00153289 79.0008
7.91 0.00153135 79.0118
7.911 0.00152982 79.0228
7.912 0.00152829 79.0338
7.913 0.00152676 79.0448
7.914 0.00152524 79.0558
7.915 0.00152371 79.0668
7.916 0.00152219 79.0778
7.917 0.00152066 79.0888
7.918 0.00151914 79.0998
7.919 0.00151762 79.1108
7.92 0.0015161 79.1218
7.921 0.00151459 79.1328
7.922 0.00151307 79.1438
7.923 0.00151156 79.1548
7.924 0.00151005 79.1658
7.925 0.00150854 79.1768
7.926 0.00150703 79.1878
7.927 0.00150552 79.1988
7.928 0.00150401 79.2098
7.929 0.00150251 79.2208
7.93 0.00150101 79.2318
7.931 0.0014995 79.2428
7.932 0.001498 79.2538
7.933 0.00149651 79.2648
7.934 0.00149501 79.2758
7.935 0.00149351 79.2868
7.936 0.00149202 79.2978
7.937 0.00149053 79.3088
7.938 0.00148903 79.3198
7.939 0.00148755 79.3308
7.94 0.00148606 79.3418
7.941 0.00148457 79.3528
7.942 0.00148309 79.3638
7.943 0.0014816 79.3748
7.944 0.00148012 79.3858
7.945 0.00147864 79.3968
7.946 0.00147716 79.4078
7.947 0.00147568 79.4188
7.948 0.00147421 79.4298
7.949 0.00147273 79.4408
7.95 0.00147126 79.4518
7.951 0.00146979 79.4628
7.952 0.00146832 79.4738
7.953 0.00146685 79.4848
7.954 0.00146538 79.4958
7.955 0.00146391 79.5068
7.956 0.00146245 79.5178
7.957 0.00146099 79.5288
7.958 0.00145953 79.5397
7.959 0.00145807 79.5507
7.96 0.00145661 79.5617
7.961 0.00145515 79.5727
7.962 0.00145369 79.5837
7.963 0.00145224 79.5947
7.964 0.00145079 79.6057
7.965 0.00144934 79.6167
7.966 0.00144789 79.6277
7.967 0.00144644 79.6387
7.968 0.00144499 79.6497
7.969 0.00144355 79.6607
7.97 0.0014421 79.6717
7.971 0.00144066 79.6827
7.972 0.00143922 79.6937
7.973 0.00143778 79.7047
7.974 0.00143634 79.7157
7.975 0.0014349 79.7267
7.976 0.00143347 79.7377
7.977 0.00143203 79.7487
7.978 0.0014306 79.7597
7.979 0.00142917 79.7707
7.98 0.00142774 79.7817
7.981 0.00142631 79.7927
7.982 0.00142489 79.8037
7.983 0.00142346 79.8147
7.984 0.00142204 79.8257
7.985 0.00142061 79.8367
7.986 0.00141919 79.8477
7.987 0.00141777 79.8587
7.988 0.00141635 79.8697
7.989 0.00141494 79.8807
7.99 0.00141352 79.8917
7.991 0.00141211 79.9027
7.992 0.0014107 79.9137
7.993 0.00140928 79.9247
7.994 0.00140788 79.9357
7.995 0.00140647 79.9467
7.996 0.00140506 79.9577
7.997 0.00140365 79.9687
7.998 0.00140225 79.9797
7.999 0.00140085 79.9907
8 0.00139945 80.0017
8.001 0.00139805 80.0127
8.002 0.00139665 80.0237
8.003 0.00139525 80.0347
8.004 0.00139386 80.0457
8.005 0.00139246 80.0567
8.006 0.00139107 80.0677
8.007 0.00138968 80.0787
8.008 0.00138829 80.0897
8.009 0.0013869 80.1007
8.01 0.00138551 80.1117
8.011 0.00138412 80.1227
8.012 0.00138274 80.1337
8.013 0.00138136 80.1447
8.014 0.00137998 80.1557
8.015 0.00137859 80.1667
8.016 0.00137722 80.1777
8.017 0.00137584 80.1886
8.018 0.00137446 80.1996
8.019 0.00137309 80.2106
8.02 0.00137171 80.2216
8.021 0.00137034 80.2326
8.022 0.00136897 80.2436
8.023 0.0013676 80.2546
8.024 0.00136623 80.2656
8.025 0.00136487 80.2766
8.026 0.0013635 80.2876
8.027 0.00136214 80.2986
8.028 0.00136078 80.3096
8.029 0.00135941 80.3206
8.03 0.00135805 80.3316
8.031 0.0013567 80.3426
8.032 0.00135534 80.3536
8.033 0.00135398 80.3646
8.034 0.00135263 80.3756
8.035 0.00135128 80.3866
8.036 0.00134992 80.3976
8.037 0.00134857 80.4086
8.038 0.00134722 80.4196
8.039 0.00134588 80.4306
8.04 0.00134453 80.4416
8.041 0.00134319 80.4526
8.042 0.00134184 80.4636
8.043 0.0013405 80.4746
8.044 0.00133916 80.4856
8.045 0.00133782 80.4966
8.046 0.00133648 80.5076
8.047 0.00133514 80.5186
8.048 0.00133381 80.5296
8.049 0.00133248 80.5406
8.05 0.00133114 80.5516
8.051 0.00132981 80.5626
8.052 0.00132848 80.5736
8.053 0.00132715 80.5846
8.054 0.00132582 80.5956
8.055 0.0013245 80.6066
8.056 0.00132317 80.6176
8.057 0.00132185 80.6286
8.058 0.00132053 80.6396
8.059 0.00131921 80.6506
8.06 0.00131789 80.6616
8.061 0.00131657 80.6726
8.062 0.00131525 80.6836
8.063 0.00131394 80.6946
8.064 0.00131262 80.7056
8.065 0.00131131 80.7166
8.066 0.00131 80.7276
8.067 0.00130869 80.7386
8.068 0.00130738 80.7496
8.069 0.00130607 80.7606
8.07 0.00130476 80.7716
8.071 0.00130346 80.7826
8.072 0.00130216 80.7936
8.073 0.00130085 80.8046
8.074 0.00129955 80.8156
8.075 0.00129825 80.8266
8.076 0.00129695 80.8376
8.077 0.00129566 80.8486
8.078 0.00129436 80.8596
8.079 0.00129307 80.8706
8.08 0.00129177 80.8815
8.081 0.00129048 80.8925
8.082 0.00128919 80.9035
8.083 0.0012879 80.9145
8.084 0.00128661 80.9255
8.085 0.00128532 80.9365
8.086 0.00128404 80.9475
8.087 0.00128275 80.9585
8.088 0.00128147 80.9695
8.089 0.00128019 80.9805
8.09 0.00127891 80.9915
8.091 0.00127763 81.0025
8.092 0.00127635 81.0135
8.093 0.00127508 81.0245
8.094 0.0012738 81.0355
8.095 0.00127253 81.0465
8.096 0.00127125 81.0575
8.097 0.00126998 81.0685
8.098 0.00126871 81.0795
8.099 0.00126744 81.0905
8.1 0.00126617 81.1015
8.101 0.00126491 81.1125
8.102 0.00126364 81.1235
8.103 0.00126238 81.1345
8.104 0.00126112 81.1455
8.105 0.00125985 81.1565
8.106 0.00125859 81.1675
8.107 0.00125734 81.1785
8.108 0.00125608 81.1895
8.109 0.00125482 81.2005
8.11 0.00125357 81.2115
8.111 0.00125231 81.2225
8.112 0.00125106 81.2335
8.113 0.00124981 81.2445
8.114 0.00124856 81.2555
8.115 0.00124731 81.2665
8.116 0.00124606 81.2775
8.117 0.00124482 81.2885
8.118 0.00124357 81.2995
8.119 0.00124233 81.3105
8.12 0.00124108 81.3215
8.121 0.00123984 81.3325
8.122 0.0012386 81.3435
8.123 0.00123736 81.3545
8.124 0.00123613 81.3655
8.125 0.00123489 81.3765
8.126 0.00123366 81.3875
8.127 0.00123242 81.3985
8.128 0.00123119 81.4095
8.129 0.00122996 81.4205
8.13 0.00122873 81.4315
8.131 0.0012275 81.4425
8.132 0.00122627 81.4535
8.133 0.00122504 81.4645
8.134 0.00122382 81.4755
8.135 0.00122259 81.4865
8.136 0.00122137 81.4975
8.137 0.00122015 81.5085
8.138 0.00121893 81.5195
8.139 0.00121771 81.5305
8.14 0.00121649 81.5415
8.141 0.00121528 81.5525
8.142 0.00121406 81.5635
8.143 0.00121285 81.5745
8.144 0.00121163 81.5855
8.145 0.00121042 81.5965
8.146 0.00120921 81.6074
8.147 0.001208 81.6184
8.148 0.00120679 81.6294
8.149 0.00120559 81.6404
8.15 0.00120438 81.6514
8.151 0.00120318 81.6624
8.152 0.00120197 81.6734
8.153 0.00120077 81.6844
8.154 0.00119957 81.6954
8.155 0.00119837 81.7064
8.156 0.00119717 81.7174
8.157 0.00119597 81.7284
8.158 0.00119478 81.7394
8.159 0.00119358 81.7504
8.16 0.00119239 81.7614
8.161 0.0011912 81.7724
8.162 0.00119 81.7834
8.163 0.00118881 81.7944
8.164 0.00118762 81.8054
8.165 0.00118644 81.8164
8.166 0.00118525 81.8274
8.167 0.00118406 81.8384
8.168 0.00118288 81.8494
8.169 0.0011817 81.8604
8.17 0.00118052 81.8714
8.171 0.00117933 81.8824
8.172 0.00117815 81.8934
8.173 0.00117698 81.9044
8.174 0.0011758 81.9154
8.175 0.00117462 81.9264
8.176 0.00117345 81.9374
8.177 0.00117227 81.9484
8.178 0.0011711 81.9594
8.179 0.00116993 81.9704
8.18 0.00116876 81.9814
8.181 0.00116759 81.9924
8.182 0.00116642 82.0034
8.183 0.00116526 82.0144
8.184 0.00116409 82.0254
8.185 0.00116293 82.0364
8.186 0.00116176 82.0474
8.187 0.0011606 82.0584
8.188 0.00115944 82.0694
8.189 0.00115828 82.0804
8.19 0.00115712 82.0914
8.191 0.00115597 82.1024
8.192 0.00115481 82.1134
8.193 0.00115366 82.1244
8.194 0.0011525 82.1354
8.195 0.00115135 82.1464
8.196 0.0011502 82.1574
8.197 0.00114905 82.1684
8.198 0.0011479 82.1794
8.199 0.00114675 82.1904
8.2 0.0011456 82.2014
8.201 0.00114446 82.2124
8.202 0.00114331 82.2234
8.203 0.00114217 82.2344
8.204 0.00114103 82.2454
8.205 0.00113989 82.2564
8.206 0.00113875 82.2674
8.207 0.00113761 82.2784
8.208 0.00113647 82.2894
8.209 0.00113533 82.3004
8.21 0.0011342 82.3114
8.211 0.00113306 82.3224
8.212 0.00113193 82.3334
8.213 0.0011308 82.3444
8.214 0.00112967 82.3554
8.215 0.00112854 82.3664
8.216 0.00112741 82.3774
8.217 0.00112628 82.3884
8.218 0.00112515 82.3993
8.219 0.00112403 82.4103
8.22 0.0011229 82.4213
8.221 0.00112178 82.4323
8.222 0.00112066 82.4433
8.223 0.00111954 82.4543
8.224 0.00111842 82.4653
8.225 0.0011173 82.4763
8.226 0.00111618 82.4873
8.227 0.00111507 82.4983
8.228 0.00111395 82.5093
8.229 0.00111284 82.5203
8.23 0.00111172 82.5313
8.231 0.00111061 82.5423
8.232 0.0011095 82.5533
8.233 0.00110839 82.5643
8.234 0.00110728 82.5753
8.235 0.00110618 82.5863
8.236 0.00110507 82.5973
8.237 0.00110396 82.6083
8.238 0.00110286 82.6193
8.239 0.00110176 82.6303
8.24 0.00110065 82.6413
8.241 0.00109955 82.6523
8.242 0.00109845 82.6633
8.243 0.00109736 82.6743
8.244 0.00109626 82.6853
8.245 0.00109516 82.6963
8.246 0.00109407 82.7073
8.247 0.00109297 82.7183
8.248 0.00109188 82.7293
8.249 0.00109079 82.7403
8.25 0.0010897 82.7513
8.251 0.00108861 82.7623
8.252 0.00108752 82.7733
8.253 0.00108643 82.7843
8.254 0.00108534 82.7953
8.255 0.00108426 82.8063
8.256 0.00108317 82.8173
8.257 0.00108209 82.8283
8.258 0.00108101 82.8393
8.259 0.00107993 82.8503
8.26 0.00107885 82.8613
8.261 0.00107777 82.8723
8.262 0.00107669 82.8833
8.263 0.00107561 82.8943
8.264 0.00107454 82.9053
8.265 0.00107346 82.9163
8.266 0.00107239 82.9273
8.267 0.00107132 82.9383
8.268 0.00107024 82.9493
8.269 0.00106917 82.9603
8.27 0.00106811 82.9713
8.271 0.00106704 82.9823
8.272 0.00106597 82.9933
8.273 0.0010649 83.0043
8.274 0.00106384 83.0153
8.275 0.00106277 83.0263
8.276 0.00106171 83.0373
8.277 0.00106065 83.0483
8.278 0.00105959 83.0593
8.279 0.00105853 83.0703
8.28 0.00105747 83.0813
8.281 0.00105641 83.0923
8.282 0.00105536 83.1033
8.283 0.0010543 83.1143
8.284 0.00105325 83.1253
8.285 0.00105219 83.1363
8.286 0.00105114 83.1473
8.287 0.00105009 83.1583
8.288 0.00104904 83.1693
8.289 0.00104799 83.1803
8.29 0.00104694 83.1913
8.291 0.0010459 83.2023
8.292 0.00104485 83.2133
8.293 0.0010438 83.2243
8.294 0.00104276 83.2353
8.295 0.00104172 83.2462
8.296 0.00104068 83.2572
8.297 0.00103964 83.2682
8.298 0.0010386 83.2792
8.299 0.00103756 83.2902
8.3 0.00103652 83.3012
8.301 0.00103548 83.3122
8.302 0.00103445 83.3232
8.303 0.00103341 83.3342
8.304 0.00103238 83.3452
8.305 0.00103135 83.3562
8.306 0.00103032 83.3672
8.307 0.00102928 83.3782
8.308 0.00102826 83.3892
8.309 0.00102723 83.4002
8.31 0.0010262 83.4112
8.311 0.00102517 83.4222
8.312 0.00102415 83.4332
8.313 0.00102312 83.4442
8.314 0.0010221 83.4552
8.315 0.00102108 83.4662
8.316 0.00102006 83.4772
8.317 0.00101904 83.4882
8.318 0.00101802 83.4992
8.319 0.001017 83.5102
8.32 0.00101598 83.5212
8.321 0.00101497 83.5322
8.322 0.00101395 83.5432
8.323 0.00101294 83.5542
8.324 0.00101192 83.5652
8.325 0.00101091 83.5762
8.326 0.0010099 83.5872
8.327 0.00100889 83.5982
8.328 0.00100788 83.6092
8.329 0.00100687 83.6202
8.33 0.00100587 83.6312
8.331 0.00100486 83.6422
8.332 0.00100386 83.6532
8.333 0.00100285 83.6642
8.334 0.00100185 83.6752
8.335 0.00100085 83.6862
8.336 0.000999847 83.6972
8.337 0.000998847 83.7082
8.338 0.000997848 83.7192
8.339 0.00099685 83.7302
8.34 0.000995853 83.7412
8.341 0.000994857 83.7522
8.342 0.000993863 83.7632
8.343 0.000992869 83.7742
8.344 0.000991876 83.7852
8.345 0.000990884 83.7962
8.346 0.000989893 83.8072
8.347 0.000988903 83.8182
8.348 0.000987914 83.8292
8.349 0.000986926 83.8402
8.35 0.000985939 83.8512
8.351 0.000984953 83.8622
8.352 0.000983968 83.8732
8.353 0.000982984 83.8842
8.354 0.000982001 83.8952
8.355 0.000981019 83.9062
8.356 0.000980038 83.9172
8.357 0.000979058 83.9282
8.358 0.000978078 83.9392
8.359 0.0009771 83.9502
8.36 0.000976123 83.9612
8.361 0.000975147 83.9722
8.362 0.000974172 83.9832
8.363 0.000973197 83.9942
8.364 0.000972224 84.0052
8.365 0.000971252 84.0162
8.366 0.000970281 84.0272
8.367 0.00096931 84.0382
8.368 0.000968341 84.0492
8.369 0.000967373 84.0602
8.37 0.000966405 84.0712
8.371 0.000965439 84.0822
8.372 0.000964473 84.0932
8.373 0.000963509 84.1042
8.374 0.000962545 84.1152
8.375 0.000961582 84.1262
8.376 0.000960621 84.1372
8.377 0.00095966 84.1482
8.378 0.0009587 84.1591
8.379 0.000957742 84.1701
8.38 0.000956784 84.1811
8.381 0.000955827 84.1921
8.382 0.000954871 84.2031
8.383 0.000953916 84.2141
8.384 0.000952962 84.2251
8.385 0.000952009 84.2361
8.386 0.000951057 84.2471
8.387 0.000950106 84.2581
8.388 0.000949156 84.2691
8.389 0.000948207 84.2801
8.39 0.000947259 84.2911
8.391 0.000946311 84.3021
8.392 0.000945365 84.3131
8.393 0.00094442 84.3241
8.394 0.000943475 84.3351
8.395 0.000942532 84.3461
8.396 0.000941589 84.3571
8.397 0.000940647 84.3681
8.398 0.000939707 84.3791
8.399 0.000938767 84.3901
8.4 0.000937828 84.4011
8.401 0.00093689 84.4121
8.402 0.000935953 84.4231
8.403 0.000935017 84.4341
8.404 0.000934082 84.4451
8.405 0.000933148 84.4561
8.406 0.000932215 84.4671
8.407 0.000931283 84.4781
8.408 0.000930351 84.4891
8.409 0.000929421 84.5001
8.41 0.000928492 84.5111
8.411 0.000927563 84.5221
8.412 0.000926635 84.5331
8.413 0.000925709 84.5441
8.414 0.000924783 84.5551
8.415 0.000923858 84.5661
8.416 0.000922934 84.5771
8.417 0.000922011 84.5881
8.418 0.000921089 84.5991
8.419 0.000920168 84.6101
8.42 0.000919248 84.6211
8.421 0.000918329 84.6321
8.422 0.00091741 84.6431
8.423 0.000916493 84.6541
8.424 0.000915576 84.6651
8.425 0.000914661 84.6761
8.426 0.000913746 84.6871
8.427 0.000912832 84.6981
8.428 0.00091192 84.7091
8.429 0.000911008 84.7201
8.43 0.000910097 84.7311
8.431 0.000909186 84.7421
8.432 0.000908277 84.7531
8.433 0.000907369 84.7641
8.434 0.000906462 84.7751
8.435 0.000905555 84.7861
8.436 0.00090465 84.7971
8.437 0.000903745 84.8081
8.438 0.000902841 84.8191
8.439 0.000901938 84.8301
8.44 0.000901036 84.8411
8.441 0.000900135 84.8521
8.442 0.000899235 84.8631
8.443 0.000898336 84.8741
8.444 0.000897437 84.8851
8.445 0.00089654 84.8961
8.446 0.000895643 84.9071
8.447 0.000894748 84.9181
8.448 0.000893853 84.9291
8.449 0.000892959 84.9401
8.45 0.000892066 84.9511
8.451 0.000891174 84.9621
8.452 0.000890283 84.9731
8.453 0.000889393 84.9841
8.454 0.000888503 84.9951
8.455 0.000887615 85.0061
8.456 0.000886727 85.0171
8.457 0.00088584 85.0281
8.458 0.000884955 85.0391
8.459 0.00088407 85.0501
8.46 0.000883186 85.0611
8.461 0.000882302 85.0721
8.462 0.00088142 85.0831
8.463 0.000880539 85.0941
8.464 0.000879658 85.1051
8.465 0.000878778 85.1161
8.466 0.0008779 85.1271
8.467 0.000877022 85.1381
8.468 0.000876145 85.1491
8.469 0.000875269 85.16
8.47 0.000874393 85.171
8.471 0.000873519 85.182
8.472 0.000872645 85.193
8.473 0.000871773 85.204
8.474 0.000870901 85.215
8.475 0.00087003 85.226
8.476 0.00086916 85.237
8.477 0.000868291 85.248
8.478 0.000867423 85.259
8.479 0.000866555 85.27
8.48 0.000865689 85.281
8.481 0.000864823 85.292
8.482 0.000863958 85.303
8.483 0.000863094 85.314
8.484 0.000862231 85.325
8.485 0.000861369 85.336
8.486 0.000860507 85.347
8.487 0.000859647 85.358
8.488 0.000858787 85.369
8.489 0.000857928 85.38
8.49 0.000857071 85.391
8.491 0.000856213 85.402
8.492 0.000855357 85.413
8.493 0.000854502 85.424
8.494 0.000853647 85.435
8.495 0.000852794 85.446
8.496 0.000851941 85.457
8.497 0.000851089 85.468
8.498 0.000850238 85.479
8.499 0.000849388 85.49
8.5 0.000848538 85.501
8.501 0.00084769 85.512
8.502 0.000846842 85.523
8.503 0.000845995 85.534
8.504 0.000845149 85.545
8.505 0.000844304 85.556
8.506 0.00084346 85.567
8.507 0.000842616 85.578
8.508 0.000841774 85.589
8.509 0.000840932 85.6
8.51 0.000840091 85.611
8.511 0.000839251 85.622
8.512 0.000838412 85.633
8.513 0.000837574 85.644
8.514 0.000836736 85.655
8.515 0.000835899 85.666
8.516 0.000835063 85.677
8.517 0.000834228 85.688
8.518 0.000833394 85.699
8.519 0.000832561 85.71
8.52 0.000831728 85.721
8.521 0.000830896 85.732
8.522 0.000830066 85.743
8.523 0.000829236 85.754
8.524 0.000828406 85.765
8.525 0.000827578 85.776
8.526 0.00082675 85.787
8.527 0.000825924 85.798
8.528 0.000825098 85.809
8.529 0.000824273 85.82
8.53 0.000823448 85.831
8.531 0.000822625 85.842
8.532 0.000821802 85.853
8.533 0.000820981 85.864
8.534 0.00082016 85.875
8.535 0.00081934 85.886
8.536 0.00081852 85.897
8.537 0.000817702 85.908
8.538 0.000816884 85.919
8.539 0.000816067 85.93
8.54 0.000815251 85.941
8.541 0.000814436 85.952
8.542 0.000813621 85.963
8.543 0.000812808 85.974
8.544 0.000811995 85.985
8.545 0.000811183 85.996
8.546 0.000810372 86.007
8.547 0.000809562 86.018
8.548 0.000808752 86.029
8.549 0.000807943 86.04
8.55 0.000807135 86.051
8.551 0.000806328 86.062
8.552 0.000805522 86.073
8.553 0.000804717 86.084
8.554 0.000803912 86.095
8.555 0.000803108 86.106
8.556 0.000802305 86.117
8.557 0.000801503 86.128
8.558 0.000800701 86.139
8.559 0.000799901 86.15
8.56 0.000799101 86.161
8.561 0.000798302 86.172
8.562 0.000797503 86.183
8.563 0.000796706 86.194
8.564 0.000795909 86.205
8.565 0.000795113 86.216
8.566 0.000794318 86.227
8.567 0.000793524 86.238
8.568 0.00079273 86.249
8.569 0.000791938 86.2599
8.57 0.000791146 86.2709
8.571 0.000790355 86.2819
8.572 0.000789564 86.2929
8.573 0.000788775 86.3039
8.574 0.000787986 86.3149
8.575 0.000787198 86.3259
8.576 0.000786411 86.3369
8.577 0.000785625 86.3479
8.578 0.000784839 86.3589
8.579 0.000784054 86.3699
8.58 0.00078327 86.3809
8.581 0.000782487 86.3919
8.582 0.000781705 86.4029
8.583 0.000780923 86.4139
8.584 0.000780142 86.4249
8.585 0.000779362 86.4359
8.586 0.000778583 86.4469
8.587 0.000777804 86.4579
8.588 0.000777026 86.4689
8.589 0.000776249 86.4799
8.59 0.000775473 86.4909
8.591 0.000774698 86.5019
8.592 0.000773923 86.5129
8.593 0.000773149 86.5239
8.594 0.000772376 86.5349
8.595 0.000771604 86.5459
8.596 0.000770832 86.5569
8.597 0.000770061 86.5679
8.598 0.000769291 86.5789
8.599 0.000768522 86.5899
8.6 0.000767754 86.6009
8.601 0.000766986 86.6119
8.602 0.000766219 86.6229
8.603 0.000765453 86.6339
8.604 0.000764687 86.6449
8.605 0.000763923 86.6559
8.606 0.000763159 86.6669
8.607 0.000762396 86.6779
8.608 0.000761633 86.6889
8.609 0.000760872 86.6999
8.61 0.000760111 86.7109
8.611 0.000759351 86.7219
8.612 0.000758592 86.7329
8.613 0.000757833 86.7439
8.614 0.000757075 86.7549
8.615 0.000756318 86.7659
8.616 0.000755562 86.7769
8.617 0.000754806 86.7879
8.618 0.000754052 86.7989
8.619 0.000753298 86.8099
8.62 0.000752544 86.8209
8.621 0.000751792 86.8319
8.622 0.00075104 86.8429
8.623 0.000750289 86.8539
8.624 0.000749539 86.8649
8.625 0.00074879 86.8759
8.626 0.000748041 86.8869
8.627 0.000747293 86.8979
8.628 0.000746546 86.9089
8.629 0.000745799 86.9199
8.63 0.000745053 86.9309
8.631 0.000744308 86.9419
8.632 0.000743564 86.9529
8.633 0.000742821 86.9639
8.634 0.000742078 86.9749
8.635 0.000741336 86.9859
8.636 0.000740595 86.9969
8.637 0.000739854 87.0079
8.638 0.000739114 87.0189
8.639 0.000738375 87.0299
8.64 0.000737637 87.0409
8.641 0.000736899 87.0519
8.642 0.000736162 87.0629
8.643 0.000735426 87.0739
8.644 0.000734691 87.0849
8.645 0.000733956 87.0959
8.646 0.000733222 87.1069
8.647 0.000732489 87.1179
8.648 0.000731757 87.1289
8.649 0.000731025 87.1399
8.65 0.000730294 87.1509
8.651 0.000729564 87.1619
8.652 0.000728834 87.1729
8.653 0.000728106 87.1839
8.654 0.000727378 87.1949
8.655 0.00072665 87.2059
8.656 0.000725924 87.2169
8.657 0.000725198 87.2279
8.658 0.000724473 87.2389
8.659 0.000723748 87.2499
8.66 0.000723025 87.2609
8.661 0.000722302 87.2719
8.662 0.000721579 87.2829
8.663 0.000720858 87.2939
8.664 0.000720137 87.3049
8.665 0.000719417 87.3159
8.666 0.000718698 87.3269
8.667 0.000717979 87.3379
8.668 0.000717261 87.3489
8.669 0.000716544 87.3599
8.67 0.000715827 87.3709
8.671 0.000715112 87.3819
8.672 0.000714397 87.3929
8.673 0.000713682 87.4039
8.674 0.000712969 87.4149
8.675 0.000712256 87.4259
8.676 0.000711543 87.4369
8.677 0.000710832 87.4479
8.678 0.000710121 87.4589
8.679 0.000709411 87.4699
8.68 0.000708702 87.4808
8.681 0.000707993 87.4918
8.682 0.000707285 87.5028
8.683 0.000706578 87.5138
8.684 0.000705872 87.5248
8.685 0.000705166 87.5358
8.686 0.000704461 87.5468
8.687 0.000703756 87.5578
8.688 0.000703053 87.5688
8.689 0.00070235 87.5798
8.69 0.000701647 87.5908
8.691 0.000700946 87.6018
8.692 0.000700245 87.6128
8.693 0.000699545 87.6238
8.694 0.000698845 87.6348
8.695 0.000698146 87.6458
8.696 0.000697448 87.6568
8.697 0.000696751 87.6678
8.698 0.000696054 87.6788
8.699 0.000695358 87.6898
8.7 0.000694663 87.7008
8.701 0.000693968 87.7118
8.702 0.000693274 87.7228
8.703 0.000692581 87.7338
8.704 0.000691889 87.7448
8.705 0.000691197 87.7558
8.706 0.000690506 87.7668
8.707 0.000689815 87.7778
8.708 0.000689126 87.7888
8.709 0.000688437 87.7998
8.71 0.000687748 87.8108
8.711 0.000687061 87.8218
8.712 0.000686374 87.8328
8.713 0.000685687 87.8438
8.714 0.000685002 87.8548
8.715 0.000684317 87.8658
8.716 0.000683632 87.8768
8.717 0.000682949 87.8878
8.718 0.000682266 87.8988
8.719 0.000681584 87.9098
8.72 0.000680902 87.9208
8.721 0.000680222 87.9318
8.722 0.000679541 87.9428
8.723 0.000678862 87.9538
8.724 0.000678183 87.9648
8.725 0.000677505 87.9758
8.726 0.000676828 87.9868
8.727 0.000676151 87.9978
8.728 0.000675475 88.0088
8.729 0.000674799 88.0198
8.73 0.000674125 88.0308
8.731 0.000673451 88.0418
8.732 0.000672777 88.0528
8.733 0.000672105 88.0638
8.734 0.000671432 88.0748
8.735 0.000670761 88.0858
8.736 0.00067009 88.0968
8.737 0.00066942 88.1078
8.738 0.000668751 88.1188
8.739 0.000668082 88.1298
8.74 0.000667414 88.1408
8.741 0.000666747 88.1518
8.742 0.00066608 88.1628
8.743 0.000665414 88.1738
8.744 0.000664749 88.1848
8.745 0.000664084 88.1958
8.746 0.00066342 88.2068
8.747 0.000662757 88.2178
8.748 0.000662094 88.2288
8.749 0.000661432 88.2398
8.75 0.000660771 88.2508
8.751 0.00066011 88.2618
8.752 0.00065945 88.2728
8.753 0.000658791 88.2838
8.754 0.000658132 88.2948
8.755 0.000657474 88.3058
8.756 0.000656817 88.3168
8.757 0.00065616 88.3278
8.758 0.000655504 88.3388
8.759 0.000654849 88.3498
8.76 0.000654194 88.3608
8.761 0.00065354 88.3718
8.762 0.000652886 88.3828
8.763 0.000652233 88.3938
8.764 0.000651581 88.4048
8.765 0.00065093 88.4158
8.766 0.000650279 88.4268
8.767 0.000649629 88.4378
8.768 0.000648979 88.4488
8.769 0.00064833 88.4598
8.77 0.000647682 88.4708
8.771 0.000647034 88.4818
8.772 0.000646387 88.4928
8.773 0.000645741 88.5038
8.774 0.000645095 88.5148
8.775 0.00064445 88.5258
8.776 0.000643806 88.5368
8.777 0.000643162 88.5478
8.778 0.000642519 88.5588
8.779 0.000641877 88.5698
8.78 0.000641235 88.5808
8.781 0.000640594 88.5918
8.782 0.000639953 88.6028
8.783 0.000639314 88.6138
8.784 0.000638674 88.6248
8.785 0.000638036 88.6358
8.786 0.000637398 88.6468
8.787 0.00063676 88.6578
8.788 0.000636124 88.6688
8.789 0.000635488 88.6798
8.79 0.000634852 88.6908
8.791 0.000634218 88.7018
8.792 0.000633583 88.7128
8.793 0.00063295 88.7238
8.794 0.000632317 88.7348
8.795 0.000631685 88.7458
8.796 0.000631053 88.7568
8.797 0.000630422 88.7678
8.798 0.000629792 88.7788
8.799 0.000629162 88.7898
8.8 0.000628533 88.8008
8.801 0.000627905 88.8118
8.802 0.000627277 88.8228
8.803 0.00062665 88.8338
8.804 0.000626023 88.8448
8.805 0.000625397 88.8557
8.806 0.000624772 88.8667
8.807 0.000624147 88.8777
8.808 0.000623523 88.8887
8.809 0.0006229 88.8997
8.81 0.000622277 88.9107
8.811 0.000621655 88.9217
8.812 0.000621033 88.9327
8.813 0.000620412 88.9437
8.814 0.000619792 88.9547
8.815 0.000619172 88.9657
8.816 0.000618553 88.9767
8.817 0.000617935 88.9877
8.818 0.000617317 88.9987
8.819 0.0006167 89.0097
8.82 0.000616083 89.0207
8.821 0.000615467 89.0317
8.822 0.000614852 89.0427
8.823 0.000614237 89.0537
8.824 0.000613623 89.0647
8.825 0.000613009 89.0757
8.826 0.000612396 89.0867
8.827 0.000611784 89.0977
8.828 0.000611172 89.1087
8.829 0.000610561 89.1197
8.83 0.000609951 89.1307
8.831 0.000609341 89.1417
8.832 0.000608732 89.1527
8.833 0.000608123 89.1637
8.834 0.000607515 89.1747
8.835 0.000606907 89.1857
8.836 0.000606301 89.1967
8.837 0.000605694 89.2077
8.838 0.000605089 89.2187
8.839 0.000604484 89.2297
8.84 0.000603879 89.2407
8.841 0.000603276 89.2517
8.842 0.000602672 89.2627
8.843 0.00060207 89.2737
8.844 0.000601468 89.2847
8.845 0.000600867 89.2957
8.846 0.000600266 89.3067
8.847 0.000599666 89.3177
8.848 0.000599066 89.3287
8.849 0.000598467 89.3397
8.85 0.000597869 89.3507
8.851 0.000597271 89.3617
8.852 0.000596674 89.3727
8.853 0.000596077 89.3837
8.854 0.000595481 89.3947
8.855 0.000594886 89.4057
8.856 0.000594291 89.4167
8.857 0.000593697 89.4277
8.858 0.000593103 89.4387
8.859 0.00059251 89.4497
8.86 0.000591918 89.4607
8.861 0.000591326 89.4717
8.862 0.000590735 89.4827
8.863 0.000590144 89.4937
8.864 0.000589554 89.5047
8.865 0.000588965 89.5157
8.866 0.000588376 89.5267
8.867 0.000587787 89.5377
8.868 0.0005872 89.5487
8.869 0.000586613 89.5597
8.87 0.000586026 89.5707
8.871 0.00058544 89.5817
8.872 0.000584855 89.5927
8.873 0.00058427 89.6037
8.874 0.000583686 89.6147
8.875 0.000583102 89.6257
8.876 0.000582519 89.6367
8.877 0.000581937 89.6477
8.878 0.000581355 89.6587
8.879 0.000580774 89.6697
8.88 0.000580193 89.6807
8.881 0.000579613 89.6917
8.882 0.000579033 89.7027
8.883 0.000578455 89.7137
8.884 0.000577876 89.7247
8.885 0.000577298 89.7357
8.886 0.000576721 89.7467
8.887 0.000576145 89.7577
8.888 0.000575569 89.7687
8.889 0.000574993 89.7797
8.89 0.000574418 89.7907
8.891 0.000573844 89.8017
8.892 0.00057327 89.8127
8.893 0.000572697 89.8237
8.894 0.000572124 89.8347
8.895 0.000571552 89.8457
8.896 0.000570981 89.8567
8.897 0.00057041 89.8677
8.898 0.00056984 89.8787
8.899 0.00056927 89.8897
8.9 0.000568701 89.9007
8.901 0.000568132 89.9117
8.902 0.000567564 89.9227
8.903 0.000566997 89.9337
8.904 0.00056643 89.9447
8.905 0.000565863 89.9557
8.906 0.000565298 89.9667
8.907 0.000564732 89.9777
8.908 0.000564168 89.9887
8.909 0.000563604 89.9997
8.91 0.00056304 90.0107
8.911 0.000562477 90.0217
8.912 0.000561915 90.0327
8.913 0.000561353 90.0437
8.914 0.000560792 90.0547
8.915 0.000560231 90.0657
8.916 0.000559671 90.0767
8.917 0.000559111 90.0877
8.918 0.000558552 90.0987
8.919 0.000557994 90.1097
8.92 0.000557436 90.1207
8.921 0.000556879 90.1317
8.922 0.000556322 90.1427
8.923 0.000555766 90.1537
8.924 0.00055521 90.1647
8.925 0.000554655 90.1757
8.926 0.0005541 90.1867
8.927 0.000553546 90.1977
8.928 0.000552993 90.2087
8.929 0.00055244 90.2197
8.93 0.000551888 90.2307
8.931 0.000551336 90.2417
8.932 0.000550785 90.2527
8.933 0.000550234 90.2637
8.934 0.000549684 90.2747
8.935 0.000549134 90.2857
8.936 0.000548585 90.2967
8.937 0.000548037 90.3077
8.938 0.000547489 90.3187
8.939 0.000546941 90.3297
8.94 0.000546395 90.3407
8.941 0.000545848 90.3517
8.942 0.000545303 90.3627
8.943 0.000544757 90.3737
8.944 0.000544213 90.3847
8.945 0.000543669 90.3957
8.946 0.000543125 90.4067
8.947 0.000542582 90.4177
8.948 0.00054204 90.4287
8.949 0.000541498 90.4396
8.95 0.000540956 90.4506
8.951 0.000540415 90.4616
8.952 0.000539875 90.4726
8.953 0.000539335 90.4836
8.954 0.000538796 90.4946
8.955 0.000538257 90.5056
8.956 0.000537719 90.5166
8.957 0.000537182 90.5276
8.958 0.000536645 90.5386
8.959 0.000536108 90.5496
8.96 0.000535572 90.5606
8.961 0.000535037 90.5716
8.962 0.000534502 90.5826
8.963 0.000533967 90.5936
8.964 0.000533433 90.6046
8.965 0.0005329 90.6156
8.966 0.000532367 90.6266
8.967 0.000531835 90.6376
8.968 0.000531303 90.6486
8.969 0.000530772 90.6596
8.97 0.000530241 90.6706
8.971 0.000529711 90.6816
8.972 0.000529182 90.6926
8.973 0.000528652 90.7036
8.974 0.000528124 90.7146
8.975 0.000527596 90.7256
8.976 0.000527068 90.7366
8.977 0.000526541 90.7476
8.978 0.000526015 90.7586
8.979 0.000525489 90.7696
8.98 0.000524964 90.7806
8.981 0.000524439 90.7916
8.982 0.000523915 90.8026
8.983 0.000523391 90.8136
8.984 0.000522867 90.8246
8.985 0.000522345 90.8356
8.986 0.000521822 90.8466
8.987 0.000521301 90.8576
8.988 0.00052078 90.8686
8.989 0.000520259 90.8796
8.99 0.000519739 90.8906
8.991 0.000519219 90.9016
8.992 0.0005187 90.9126
8.993 0.000518181 90.9236
8.994 0.000517663 90.9346
8.995 0.000517146 90.9456
8.996 0.000516629 90.9566
8.997 0.000516112 90.9676
8.998 0.000515596 90.9786
8.999 0.000515081 90.9896
9 0.000514566 91.0006
9.001 0.000514051 91.0116
9.002 0.000513537 91.0226
9.003 0.000513024 91.0336
9.004 0.000512511 91.0446
9.005 0.000511999 91.0556
9.006 0.000511487 91.0666
9.007 0.000510975 91.0776
9.008 0.000510464 91.0886
9.009 0.000509954 91.0996
9.01 0.000509444 91.1106
9.011 0.000508935 91.1216
9.012 0.000508426 91.1326
9.013 0.000507918 91.1436
9.014 0.00050741 91.1546
9.015 0.000506903 91.1656
9.016 0.000506396 91.1766
9.017 0.000505889 91.1876
9.018 0.000505384 91.1986
9.019 0.000504878 91.2096
9.02 0.000504374 91.2206
9.021 0.000503869 91.2316
9.022 0.000503366 91.2426
9.023 0.000502862 91.2536
9.024 0.00050236 91.2646
9.025 0.000501857 91.2756
9.026 0.000501356 91.2866
9.027 0.000500854 91.2976
9.028 0.000500354 91.3086
9.029 0.000499853 91.3196
9.03 0.000499354 91.3306
9.031 0.000498854 91.3416
9.032 0.000498356 91.3526
9.033 0.000497857 91.3636
9.034 0.00049736 91.3746
9.035 0.000496862 91.3856
9.036 0.000496366 91.3966
9.037 0.000495869 91.4076
9.038 0.000495374 91.4186
9.039 0.000494878 91.4296
9.04 0.000494384 91.4406
9.041 0.000493889 91.4516
9.042 0.000493395 91.4626
9.043 0.000492902 91.4736
9.044 0.000492409 91.4846
9.045 0.000491917 91.4956
9.046 0.000491425 91.5066
9.047 0.000490934 91.5176
9.048 0.000490443 91.5286
9.049 0.000489953 91.5396
9.05 0.000489463 91.5506
9.051 0.000488974 91.5616
9.052 0.000488485 91.5726
9.053 0.000487996 91.5836
9.054 0.000487508 91.5946
9.055 0.000487021 91.6056
9.056 0.000486534 91.6166
9.057 0.000486048 91.6276
9.058 0.000485562 91.6386
9.059 0.000485076 91.6496
9.06 0.000484591 91.6606
9.061 0.000484107 91.6716
9.062 0.000483623 91.6826
9.063 0.000483139 91.6936
9.064 0.000482656 91.7046
9.065 0.000482174 91.7156
9.066 0.000481692 91.7266
9.067 0.00048121 91.7376
9.068 0.000480729 91.7486
9.069 0.000480248 91.7596
9.07 0.000479768 91.7706
9.071 0.000479289 91.7816
9.072 0.000478809 91.7926
9.073 0.000478331 91.8036
9.074 0.000477852 91.8146
9.075 0.000477375 91.8256
9.076 0.000476897 91.8366
9.077 0.000476421 91.8476
9.078 0.000475944 91.8586
9.079 0.000475469 91.8696
9.08 0.000474993 91.8806
9.081 0.000474518 91.8916
9.082 0.000474044 91.9026
9.083 0.00047357 91.9136
9.084 0.000473096 91.9246
9.085 0.000472623 91.9356
9.086 0.000472151 91.9466
9.087 0.000471679 91.9576
9.088 0.000471207 91.9686
9.089 0.000470736 91.9796
9.09 0.000470266 91.9906
9.091 0.000469795 92.0016
9.092 0.000469326 92.0126
9.093 0.000468857 92.0236
9.094 0.000468388 92.0346
9.095 0.00046792 92.0456
9.096 0.000467452 92.0566
9.097 0.000466984 92.0676
9.098 0.000466518 92.0786
9.099 0.000466051 92.0896
9.1 0.000465585 92.1006
9.101 0.00046512 92.1116
9.102 0.000464655 92.1226
9.103 0.00046419 92.1336
9.104 0.000463726 92.1446
9.105 0.000463262 92.1556
9.106 0.000462799 92.1666
9.107 0.000462337 92.1776
9.108 0.000461874 92.1886
9.109 0.000461413 92.1996
9.11 0.000460951 92.2106
9.111 0.00046049 92.2216
9.112 0.00046003 92.2326
9.113 0.00045957 92.2436
9.114 0.000459111 92.2546
9.115 0.000458652 92.2656
9.116 0.000458193 92.2765
9.117 0.000457735 92.2875
9.118 0.000457277 92.2985
9.119 0.00045682 92.3095
9.12 0.000456364 92.3205
9.121 0.000455907 92.3315
9.122 0.000455451 92.3425
9.123 0.000454996 92.3535
9.124 0.000454541 92.3645
9.125 0.000454087 92.3755
9.126 0.000453633 92.3865
9.127 0.000453179 92.3975
9.128 0.000452726 92.4085
9.129 0.000452274 92.4195
9.13 0.000451821 92.4305
9.131 0.00045137 92.4415
9.132 0.000450918 92.4525
9.133 0.000450468 92.4635
9.134 0.000450017 92.4745
9.135 0.000449567 92.4855
9.136 0.000449118 92.4965
9.137 0.000448669 92.5075
9.138 0.00044822 92.5185
9.139 0.000447772 92.5295
9.14 0.000447325 92.5405
9.141 0.000446877 92.5515
9.142 0.000446431 92.5625
9.143 0.000445984 92.5735
9.144 0.000445538 92.5845
9.145 0.000445093 92.5955
9.146 0.000444648 92.6065
9.147 0.000444203 92.6175
9.148 0.000443759 92.6285
9.149 0.000443316 92.6395
9.15 0.000442873 92.6505
9.151 0.00044243 92.6615
9.152 0.000441987 92.6725
9.153 0.000441546 92.6835
9.154 0.000441104 92.6945
9.155 0.000440663 92.7055
9.156 0.000440223 92.7165
9.157 0.000439782 92.7275
9.158 0.000439343 92.7385
9.159 0.000438904 92.7495
9.16 0.000438465 92.7605
9.161 0.000438026 92.7715
9.162 0.000437588 92.7825
9.163 0.000437151 92.7935
9.164 0.000436714 92.8045
9.165 0.000436277 92.8155
9.166 0.000435841 92.8265
9.167 0.000435405 92.8375
9.168 0.00043497 92.8485
9.169 0.000434535 92.8595
9.17 0.000434101 92.8705
9.171 0.000433667 92.8815
9.172 0.000433233 92.8925
9.173 0.0004328 92.9035
9.174 0.000432367 92.9145
9.175 0.000431935 92.9255
9.176 0.000431503 92.9365
9.177 0.000431072 92.9475
9.178 0.000430641 92.9585
9.179 0.000430211 92.9695
9.18 0.00042978 92.9805
9.181 0.000429351 92.9915
9.182 0.000428921 93.0025
9.183 0.000428493 93.0135
9.184 0.000428064 93.0245
9.185 0.000427636 93.0355
9.186 0.000427209 93.0465
9.187 0.000426782 93.0575
9.188 0.000426355 93.0685
9.189 0.000425929 93.0795
9.19 0.000425503 93.0905
9.191 0.000425078 93.1015
9.192 0.000424653 93.1125
9.193 0.000424228 93.1235
9.194 0.000423804 93.1345
9.195 0.00042338 93.1455
9.196 0.000422957 93.1565
9.197 0.000422534 93.1675
9.198 0.000422112 93.1785
9.199 0.00042169 93.1895
9.2 0.000421268 93.2005
9.201 0.000420847 93.2115
9.202 0.000420426 93.2225
9.203 0.000420006 93.2335
9.204 0.000419586 93.2445
9.205 0.000419167 93.2555
9.206 0.000418747 93.2665
9.207 0.000418329 93.2775
9.208 0.000417911 93.2885
9.209 0.000417493 93.2995
9.21 0.000417075 93.3105
9.211 0.000416658 93.3215
9.212 0.000416242 93.3325
9.213 0.000415826 93.3435
9.214 0.00041541 93.3545
9.215 0.000414995 93.3655
9.216 0.00041458 93.3765
9.217 0.000414165 93.3875
9.218 0.000413751 93.3985
9.219 0.000413338 93.4095
9.22 0.000412924 93.4205
9.221 0.000412512 93.4315
9.222 0.000412099 93.4425
9.223 0.000411687 93.4535
9.224 0.000411276 93.4645
9.225 0.000410865 93.4755
9.226 0.000410454 93.4865
9.227 0.000410043 93.4975
9.228 0.000409633 93.5085
9.229 0.000409224 93.5195
9.23 0.000408815 93.5305
9.231 0.000408406 93.5415
9.232 0.000407998 93.5525
9.233 0.00040759 93.5635
9.234 0.000407182 93.5745
9.235 0.000406775 93.5855
9.236 0.000406369 93.5965
9.237 0.000405962 93.6075
9.238 0.000405557 93.6185
9.239 0.000405151 93.6295
9.24 0.000404746 93.6405
9.241 0.000404341 93.6515
9.242 0.000403937 93.6625
9.243 0.000403533 93.6735
9.244 0.00040313 93.6845
9.245 0.000402727 93.6955
9.246 0.000402324 93.7065
9.247 0.000401922 93.7175
9.248 0.00040152 93.7285
9.249 0.000401119 93.7395
9.25 0.000400718 93.7505
9.251 0.000400317 93.7615
9.252 0.000399917 93.7725
9.253 0.000399517 93.7835
9.254 0.000399118 93.7945
9.255 0.000398719 93.8055
9.256 0.00039832 93.8165
9.257 0.000397922 93.8275
9.258 0.000397524 93.8385
9.259 0.000397127 93.8495
9.26 0.00039673 93.8605
9.261 0.000396333 93.8715
9.262 0.000395937 93.8825
9.263 0.000395541 93.8935
9.264 0.000395146 93.9045
9.265 0.000394751 93.9155
9.266 0.000394356 93.9265
9.267 0.000393962 93.9375
9.268 0.000393568 93.9485
9.269 0.000393174 93.9595
9.27 0.000392781 93.9705
9.271 0.000392389 93.9815
9.272 0.000391996 93.9925
9.273 0.000391605 94.0035
9.274 0.000391213 94.0145
9.275 0.000390822 94.0255
9.276 0.000390431 94.0365
9.277 0.000390041 94.0475
9.278 0.000389651 94.0585
9.279 0.000389261 94.0695
9.28 0.000388872 94.0805
9.281 0.000388483 94.0915
9.282 0.000388095 94.1025
9.283 0.000387707 94.1135
9.284 0.00038732 94.1245
9.285 0.000386932 94.1355
9.286 0.000386545 94.1465
9.287 0.000386159 94.1575
9.288 0.000385773 94.1685
9.289 0.000385387 94.1795
9.29 0.000385002 94.1905
9.291 0.000384617 94.2015
9.292 0.000384233 94.2125
9.293 0.000383849 94.2235
9.294 0.000383465 94.2345
9.295 0.000383081 94.2455
9.296 0.000382698 94.2565
9.297 0.000382316 94.2675
9.298 0.000381934 94.2785
9.299 0.000381552 94.2895
9.3 0.00038117 94.3005
9.301 0.000380789 94.3115
9.302 0.000380409 94.3225
9.303 0.000380028 94.3335
9.304 0.000379648 94.3445
9.305 0.000379269 94.3555
9.306 0.00037889 94.3665
9.307 0.000378511 94.3775
9.308 0.000378133 94.3885
9.309 0.000377754 94.3995
9.31 0.000377377 94.4105
9.311 0.000377 94.4215
9.312 0.000376623 94.4325
9.313 0.000376246 94.4435
9.314 0.00037587 94.4545
9.315 0.000375494 94.4655
9.316 0.000375119 94.4764
9.317 0.000374744 94.4874
9.318 0.000374369 94.4984
9.319 0.000373995 94.5094
9.32 0.000373621 94.5204
9.321 0.000373248 94.5314
9.322 0.000372874 94.5424
9.323 0.000372502 94.5534
9.324 0.000372129 94.5644
9.325 0.000371757 94.5754
9.326 0.000371386 94.5864
9.327 0.000371014 94.5974
9.328 0.000370643 94.6084
9.329 0.000370273 94.6194
9.33 0.000369903 94.6304
9.331 0.000369533 94.6414
9.332 0.000369163 94.6524
9.333 0.000368794 94.6634
9.334 0.000368426 94.6744
9.335 0.000368057 94.6854
9.336 0.000367689 94.6964
9.337 0.000367322 94.7074
9.338 0.000366955 94.7184
9.339 0.000366588 94.7294
9.34 0.000366221 94.7404
9.341 0.000365855 94.7514
9.342 0.000365489 94.7624
9.343 0.000365124 94.7734
9.344 0.000364759 94.7844
9.345 0.000364394 94.7954
9.346 0.00036403 94.8064
9.347 0.000363666 94.8174
9.348 0.000363303 94.8284
9.349 0.000362939 94.8394
9.35 0.000362577 94.8504
9.351 0.000362214 94.8614
9.352 0.000361852 94.8724
9.353 0.00036149 94.8834
9.354 0.000361129 94.8944
9.355 0.000360768 94.9054
9.356 0.000360407 94.9164
9.357 0.000360047 94.9274
9.358 0.000359687 94.9384
9.359 0.000359327 94.9494
9.36 0.000358968 94.9604
9.361 0.000358609 94.9714
9.362 0.000358251 94.9824
9.363 0.000357893 94.9934
9.364 0.000357535 95.0044
9.365 0.000357177 95.0154
9.366 0.00035682 95.0264
9.367 0.000356464 95.0374
9.368 0.000356107 95.0484
9.369 0.000355751 95.0594
9.37 0.000355396 95.0704
9.371 0.00035504 95.0814
9.372 0.000354685 95.0924
9.373 0.000354331 95.1034
9.374 0.000353977 95.1144
9.375 0.000353623 95.1254
9.376 0.000353269 95.1364
9.377 0.000352916 95.1474
9.378 0.000352563 95.1584
9.379 0.000352211 95.1694
9.38 0.000351859 95.1804
9.381 0.000351507 95.1914
9.382 0.000351155 95.2024
9.383 0.000350804 95.2134
9.384 0.000350454 95.2244
9.385 0.000350103 95.2354
9.386 0.000349753 95.2464
9.387 0.000349404 95.2574
9.388 0.000349054 95.2684
9.389 0.000348706 95.2794
9.39 0.000348357 95.2904
9.391 0.000348009 95.3014
9.392 0.000347661 95.3124
9.393 0.000347313 95.3234
9.394 0.000346966 95.3344
9.395 0.000346619 95.3454
9.396 0.000346273 95.3564
9.397 0.000345926 95.3674
9.398 0.000345581 95.3784
9.399 0.000345235 95.3894
9.4 0.00034489 95.4004
9.401 0.000344545 95.4114
9.402 0.000344201 95.4224
9.403 0.000343857 95.4334
9.404 0.000343513 95.4444
9.405 0.00034317 95.4554
9.406 0.000342826 95.4664
9.407 0.000342484 95.4774
9.408 0.000342141 95.4884
9.409 0.000341799 95.4994
9.41 0.000341458 95.5104
9.411 0.000341116 95.5214
9.412 0.000340775 95.5324
9.413 0.000340435 95.5434
9.414 0.000340094 95.5544
9.415 0.000339754 95.5654
9.416 0.000339415 95.5764
9.417 0.000339075 95.5874
9.418 0.000338736 95.5984
9.419 0.000338398 95.6094
9.42 0.000338059 95.6204
9.421 0.000337721 95.6314
9.422 0.000337384 95.6424
9.423 0.000337047 95.6534
9.424 0.00033671 95.6644
9.425 0.000336373 95.6754
9.426 0.000336037 95.6864
9.427 0.000335701 95.6974
9.428 0.000335365 95.7084
9.429 0.00033503 95.7194
9.43 0.000334695 95.7304
9.431 0.00033436 95.7414
9.432 0.000334026 95.7524
9.433 0.000333692 95.7634
9.434 0.000333359 95.7744
9.435 0.000333025 95.7854
9.436 0.000332692 95.7964
9.437 0.00033236 95.8074
9.438 0.000332028 95.8184
9.439 0.000331696 95.8294
9.44 0.000331364 95.8404
9.441 0.000331033 95.8514
9.442 0.000330702 95.8624
9.443 0.000330371 95.8734
9.444 0.000330041 95.8844
9.445 0.000329711 95.8954
9.446 0.000329381 95.9064
9.447 0.000329052 95.9174
9.448 0.000328723 95.9284
9.449 0.000328395 95.9394
9.45 0.000328066 95.9504
9.451 0.000327738 95.9614
9.452 0.000327411 95.9724
9.453 0.000327083 95.9834
9.454 0.000326756 95.9944
9.455 0.00032643 96.0054
9.456 0.000326103 96.0164
9.457 0.000325777 96.0274
9.458 0.000325452 96.0384
9.459 0.000325126 96.0494
9.46 0.000324801 96.0604
9.461 0.000324477 96.0714
9.462 0.000324152 96.0824
9.463 0.000323828 96.0934
9.464 0.000323505 96.1044
9.465 0.000323181 96.1154
9.466 0.000322858 96.1264
9.467 0.000322535 96.1374
9.468 0.000322213 96.1484
9.469 0.000321891 96.1594
9.47 0.000321569 96.1704
9.471 0.000321248 96.1814
9.472 0.000320926 96.1924
9.473 0.000320606 96.2034
9.474 0.000320285 96.2144
9.475 0.000319965 96.2254
9.476 0.000319645 96.2364
9.477 0.000319325 96.2474
9.478 0.000319006 96.2584
9.479 0.000318687 96.2694
9.48 0.000318369 96.2804
9.481 0.00031805 96.2914
9.482 0.000317733 96.3024
9.483 0.000317415 96.3134
9.484 0.000317098 96.3244
9.485 0.000316781 96.3354
9.486 0.000316464 96.3464
9.487 0.000316148 96.3574
9.488 0.000315831 96.3684
9.489 0.000315516 96.3794
9.49 0.0003152 96.3904
9.491 0.000314885 96.4014
9.492 0.00031457 96.4124
9.493 0.000314256 96.4234
9.494 0.000313942 96.4344
9.495 0.000313628 96.4454
9.496 0.000313314 96.4564
9.497 0.000313001 96.4674
9.498 0.000312688 96.4784
9.499 0.000312376 96.4894
9.5 0.000312063 96.5004
9.501 0.000311752 96.5114
9.502 0.00031144 96.5224
9.503 0.000311129 96.5334
9.504 0.000310817 96.5444
9.505 0.000310507 96.5554
9.506 0.000310196 96.5664
9.507 0.000309886 96.5774
9.508 0.000309576 96.5884
9.509 0.000309267 96.5994
9.51 0.000308958 96.6104
9.511 0.000308649 96.6214
9.512 0.00030834 96.6324
9.513 0.000308032 96.6434
9.514 0.000307724 96.6544
9.515 0.000307417 96.6654
9.516 0.000307109 96.6764
9.517 0.000306802 96.6874
9.518 0.000306496 96.6984
9.519 0.000306189 96.7094
9.52 0.000305883 96.7204
9.521 0.000305577 96.7314
9.522 0.000305272 96.7424
9.523 0.000304967 96.7534
9.524 0.000304662 96.7644
9.525 0.000304357 96.7754
9.526 0.000304053 96.7864
9.527 0.000303749 96.7974
9.528 0.000303445 96.8084
9.529 0.000303142 96.8194
9.53 0.000302839 96.8304
9.531 0.000302536 96.8414
9.532 0.000302234 96.8524
9.533 0.000301932 96.8634
9.534 0.00030163 96.8744
9.535 0.000301328 96.8854
9.536 0.000301027 96.8964
9.537 0.000300726 96.9074
9.538 0.000300426 96.9184
9.539 0.000300125 96.9294
9.54 0.000299825 96.9404
9.541 0.000299525 96.9514
9.542 0.000299226 96.9624
9.543 0.000298927 96.9734
9.544 0.000298628 96.9844
9.545 0.00029833 96.9954
9.546 0.000298031 97.0064
9.547 0.000297733 97.0174
9.548 0.000297436 97.0284
9.549 0.000297138 97.0394
9.55 0.000296841 97.0504
9.551 0.000296545 97.0614
9.552 0.000296248 97.0724
9.553 0.000295952 97.0834
9.554 0.000295656 97.0944
9.555 0.000295361 97.1054
9.556 0.000295065 97.1164
9.557 0.00029477 97.1274
9.558 0.000294476 97.1384
9.559 0.000294181 97.1494
9.56 0.000293887 97.1604
9.561 0.000293593 97.1714
9.562 0.0002933 97.1824
9.563 0.000293007 97.1934
9.564 0.000292714 97.2044
9.565 0.000292421 97.2154
9.566 0.000292129 97.2264
9.567 0.000291837 97.2374
9.568 0.000291545 97.2483
9.569 0.000291254 97.2593
9.57 0.000290963 97.2703
9.571 0.000290672 97.2813
9.572 0.000290381 97.2923
9.573 0.000290091 97.3033
9.574 0.000289801 97.3143
9.575 0.000289511 97.3253
9.576 0.000289222 97.3363
9.577 0.000288933 97.3473
9.578 0.000288644 97.3583
9.579 0.000288355 97.3693
9.58 0.000288067 97.3803
9.581 0.000287779 97.3913
9.582 0.000287491 97.4023
9.583 0.000287204 97.4133
9.584 0.000286917 97.4243
9.585 0.00028663 97.4353
9.586 0.000286343 97.4463
9.587 0.000286057 97.4573
9.588 0.000285771 97.4683
9.589 0.000285486 97.4793
9.59 0.0002852 97.4903
9.591 0.000284915 97.5013
9.592 0.00028463 97.5123
9.593 0.000284346 97.5233
9.594 0.000284061 97.5343
9.595 0.000283777 97.5453
9.596 0.000283494 97.5563
9.597 0.00028321 97.5673
9.598 0.000282927 97.5783
9.599 0.000282644 97.5893
9.6 0.000282362 97.6003
9.601 0.00028208 97.6113
9.602 0.000281798 97.6223
9.603 0.000281516 97.6333
9.604 0.000281235 97.6443
9.605 0.000280953 97.6553
9.606 0.000280673 97.6663
9.607 0.000280392 97.6773
9.608 0.000280112 97.6883
9.609 0.000279832 97.6993
9.61 0.000279552 97.7103
9.611 0.000279272 97.7213
9.612 0.000278993 97.7323
9.613 0.000278714 97.7433
9.614 0.000278436 97.7543
9.615 0.000278157 97.7653
9.616 0.000277879 97.7763
9.617 0.000277602 97.7873
9.618 0.000277324 97.7983
9.619 0.000277047 97.8093
9.62 0.00027677 97.8203
9.621 0.000276493 97.8313
9.622 0.000276217 97.8423
9.623 0.000275941 97.8533
9.624 0.000275665 97.8643
9.625 0.000275389 97.8753
9.626 0.000275114 97.8863
9.627 0.000274839 97.8973
9.628 0.000274564 97.9083
9.629 0.00027429 97.9193
9.63 0.000274016 97.9303
9.631 0.000273742 97.9413
9.632 0.000273468 97.9523
9.633 0.000273195 97.9633
9.634 0.000272921 97.9743
9.635 0.000272649 97.9853
9.636 0.000272376 97.9963
9.637 0.000272104 98.0073
9.638 0.000271832 98.0183
9.639 0.00027156 98.0293
9.64 0.000271289 98.0403
9.641 0.000271017 98.0513
9.642 0.000270746 98.0623
9.643 0.000270476 98.0733
9.644 0.000270205 98.0843
9.645 0.000269935 98.0953
9.646 0.000269665 98.1063
9.647 0.000269396 98.1173
9.648 0.000269127 98.1283
9.649 0.000268858 98.1393
9.65 0.000268589 98.1503
9.651 0.00026832 98.1613
9.652 0.000268052 98.1723
9.653 0.000267784 98.1833
9.654 0.000267516 98.1943
9.655 0.000267249 98.2053
9.656 0.000266982 98.2163
9.657 0.000266715 98.2273
9.658 0.000266448 98.2383
9.659 0.000266182 98.2493
9.66 0.000265916 98.2603
9.661 0.00026565 98.2713
9.662 0.000265385 98.2823
9.663 0.000265119 98.2933
9.664 0.000264854 98.3043
9.665 0.000264589 98.3153
9.666 0.000264325 98.3263
9.667 0.000264061 98.3373
9.668 0.000263797 98.3483
9.669 0.000263533 98.3593
9.67 0.00026327 98.3703
9.671 0.000263006 98.3813
9.672 0.000262743 98.3923
9.673 0.000262481 98.4033
9.674 0.000262218 98.4143
9.675 0.000261956 98.4253
9.676 0.000261694 98.4363
9.677 0.000261433 98.4473
9.678 0.000261172 98.4583
9.679 0.00026091 98.4693
9.68 0.00026065 98.4803
9.681 0.000260389 98.4913
9.682 0.000260129 98.5023
9.683 0.000259869 98.5133
9.684 0.000259609 98.5243
9.685 0.000259349 98.5353
9.686 0.00025909 98.5463
9.687 0.000258831 98.5573
9.688 0.000258572 98.5683
9.689 0.000258314 98.5793
9.69 0.000258056 98.5903
9.691 0.000257798 98.6013
9.692 0.00025754 98.6123
9.693 0.000257283 98.6233
9.694 0.000257025 98.6343
9.695 0.000256768 98.6453
9.696 0.000256512 98.6563
9.697 0.000256255 98.6673
9.698 0.000255999 98.6783
9.699 0.000255743 98.6893
9.7 0.000255488 98.7003
9.701 0.000255232 98.7113
9.702 0.000254977 98.7223
9.703 0.000254722 98.7333
9.704 0.000254468 98.7443
9.705 0.000254213 98.7553
9.706 0.000253959 98.7663
9.707 0.000253705 98.7773
9.708 0.000253452 98.7883
9.709 0.000253198 98.7993
9.71 0.000252945 98.8103
9.711 0.000252692 98.8213
9.712 0.00025244 98.8323
9.713 0.000252187 98.8433
9.714 0.000251935 98.8543
9.715 0.000251683 98.8653
9.716 0.000251432 98.8763
9.717 0.00025118 98.8873
9.718 0.000250929 98.8983
9.719 0.000250679 98.9093
9.72 0.000250428 98.9203
9.721 0.000250178 98.9313
9.722 0.000249927 98.9423
9.723 0.000249678 98.9533
9.724 0.000249428 98.9643
9.725 0.000249179 98.9753
9.726 0.00024893 98.9863
9.727 0.000248681 98.9973
9.728 0.000248432 99.0083
9.729 0.000248184 99.0193
9.73 0.000247936 99.0303
9.731 0.000247688 99.0413
9.732 0.00024744 99.0523
9.733 0.000247193 99.0633
9.734 0.000246946 99.0743
9.735 0.000246699 99.0853
9.736 0.000246452 99.0963
9.737 0.000246206 99.1073
9.738 0.00024596 99.1183
9.739 0.000245714 99.1293
9.74 0.000245468 99.1403
9.741 0.000245223 99.1513
9.742 0.000244978 99.1623
9.743 0.000244733 99.1733
9.744 0.000244488 99.1843
9.745 0.000244244 99.1953
9.746 0.000244 99.2063
9.747 0.000243756 99.2173
9.748 0.000243512 99.2283
9.749 0.000243269 99.2393
9.75 0.000243026 99.2503
9.751 0.000242783 99.2613
9.752 0.00024254 99.2723
9.753 0.000242298 99.2833
9.754 0.000242055 99.2943
9.755 0.000241813 99.3053
9.756 0.000241572 99.3163
9.757 0.00024133 99.3273
9.758 0.000241089 99.3383
9.759 0.000240848 99.3493
9.76 0.000240607 99.3603
9.761 0.000240367 99.3713
9.762 0.000240126 99.3823
9.763 0.000239886 99.3933
9.764 0.000239647 99.4043
9.765 0.000239407 99.4153
9.766 0.000239168 99.4263
9.767 0.000238929 99.4373
9.768 0.00023869 99.4483
9.769 0.000238451 99.4593
9.77 0.000238213 99.4703
9.771 0.000237975 99.4813
9.772 0.000237737 99.4923
9.773 0.000237499 99.5033
9.774 0.000237262 99.5143
9.775 0.000237024 99.5253
9.776 0.000236788 99.5363
9.777 0.000236551 99.5473
9.778 0.000236314 99.5583
9.779 0.000236078 99.5693
9.78 0.000235842 99.5803
9.781 0.000235606 99.5913
9.782 0.000235371 99.6023
9.783 0.000235136 99.6133
9.784 0.000234901 99.6243
9.785 0.000234666 99.6353
9.786 0.000234431 99.6463
9.787 0.000234197 99.6573
9.788 0.000233963 99.6683
9.789 0.000233729 99.6793
9.79 0.000233495 99.6903
9.791 0.000233262 99.7013
9.792 0.000233029 99.7123
9.793 0.000232796 99.7233
9.794 0.000232563 99.7343
9.795 0.00023233 99.7453
9.796 0.000232098 99.7563
9.797 0.000231866 99.7673
9.798 0.000231634 99.7783
9.799 0.000231403 99.7893
9.8 0.000231172 99.8003
9.801 0.00023094 99.8113
9.802 0.00023071 99.8223
9.803 0.000230479 99.8333
9.804 0.000230249 99.8443
9.805 0.000230018 99.8553
9.806 0.000229788 99.8663
9.807 0.000229559 99.8773
9.808 0.000229329 99.8883
9.809 0.0002291 99.8993
9.81 0.000228871 99.9103
9.811 0.000228642 99.9213
9.812 0.000228414 99.9323
9.813 0.000228185 99.9433
9.814 0.000227957 99.9543
9.815 0.000227729 99.9653
9.816 0.000227502 99.9763
9.817 0.000227274 99.9873
9.818 0.000227047 99.9983
9.819 0.00022682 100.009
9.82 0.000226593 100.02
9.821 0.000226367 100.031
9.822 0.000226141 100.042
9.823 0.000225915 100.053
9.824 0.000225689 100.064
9.825 0.000225463 100.075
9.826 0.000225238 100.086
9.827 0.000225013 100.097
9.828 0.000224788 100.108
9.829 0.000224563 100.119
9.83 0.000224339 100.13
9.831 0.000224114 100.141
9.832 0.00022389 100.152
9.833 0.000223666 100.163
9.834 0.000223443 100.174
9.835 0.000223219 100.185
9.836 0.000222996 100.196
9.837 0.000222773 100.207
9.838 0.000222551 100.218
9.839 0.000222328 100.229
9.84 0.000222106 100.24
9.841 0.000221884 100.251
9.842 0.000221662 100.262
9.843 0.000221441 100.273
9.844 0.000221219 100.284
9.845 0.000220998 100.295
9.846 0.000220777 100.306
9.847 0.000220557 100.317
9.848 0.000220336 100.328
9.849 0.000220116 100.339
9.85 0.000219896 100.35
9.851 0.000219676 100.361
9.852 0.000219456 100.372
9.853 0.000219237 100.383
9.854 0.000219018 100.394
9.855 0.000218799 100.405
9.856 0.00021858 100.416
9.857 0.000218362 100.427
9.858 0.000218143 100.438
9.859 0.000217925 100.449
9.86 0.000217707 100.46
9.861 0.00021749 100.471
9.862 0.000217272 100.482
9.863 0.000217055 100.493
9.864 0.000216838 100.504
9.865 0.000216622 100.515
9.866 0.000216405 100.526
9.867 0.000216189 100.537
9.868 0.000215973 100.548
9.869 0.000215757 100.559
9.87 0.000215541 100.57
9.871 0.000215326 100.581
9.872 0.00021511 100.592
9.873 0.000214895 100.603
9.874 0.00021468 100.614
9.875 0.000214466 100.625
9.876 0.000214251 100.636
9.877 0.000214037 100.647
9.878 0.000213823 100.658
9.879 0.00021361 100.669
9.88 0.000213396 100.68
9.881 0.000213183 100.691
9.882 0.00021297 100.702
9.883 0.000212757 100.713
9.884 0.000212544 100.724
9.885 0.000212332 100.735
9.886 0.000212119 100.746
9.887 0.000211907 100.757
9.888 0.000211695 100.768
9.889 0.000211484 100.779
9.89 0.000211272 100.79
9.891 0.000211061 100.801
9.892 0.00021085 100.812
9.893 0.00021064 100.823
9.894 0.000210429 100.834
9.895 0.000210219 100.845
9.896 0.000210008 100.856
9.897 0.000209799 100.867
9.898 0.000209589 100.878
9.899 0.000209379 100.889
9.9 0.00020917 100.9
9.901 0.000208961 100.911
9.902 0.000208752 100.922
9.903 0.000208543 100.933
9.904 0.000208335 100.944
9.905 0.000208127 100.955
9.906 0.000207919 100.966
9.907 0.000207711 100.977
9.908 0.000207503 100.988
9.909 0.000207296 100.999
9.91 0.000207088 101.01
9.911 0.000206881 101.021
9.912 0.000206675 101.032
9.913 0.000206468 101.043
9.914 0.000206262 101.054
9.915 0.000206056 101.065
9.916 0.00020585 101.076
9.917 0.000205644 101.087
9.918 0.000205438 101.098
9.919 0.000205233 101.109
9.92 0.000205028 101.12
9.921 0.000204823 101.131
9.922 0.000204618 101.142
9.923 0.000204413 101.153
9.924 0.000204209 101.164
9.925 0.000204005 101.175
9.926 0.000203801 101.186
9.927 0.000203597 101.197
9.928 0.000203394 101.208
9.929 0.00020319 101.219
9.93 0.000202987 101.23
9.931 0.000202784 101.241
9.932 0.000202582 101.252
9.933 0.000202379 101.263
9.934 0.000202177 101.274
9.935 0.000201975 101.285
9.936 0.000201773 101.296
9.937 0.000201571 101.307
9.938 0.00020137 101.318
9.939 0.000201168 101.329
9.94 0.000200967 101.34
9.941 0.000200767 101.351
9.942 0.000200566 101.362
9.943 0.000200365 101.373
9.944 0.000200165 101.384
9.945 0.000199965 101.395
9.946 0.000199765 101.406
9.947 0.000199565 101.417
9.948 0.000199366 101.428
9.949 0.000199167 101.439
9.95 0.000198968 101.45
9.951 0.000198769 101.461
9.952 0.00019857 101.472
9.953 0.000198371 101.483
9.954 0.000198173 101.494
9.955 0.000197975 101.505
9.956 0.000197777 101.516
9.957 0.000197579 101.527
9.958 0.000197382 101.538
9.959 0.000197185 101.549
9.96 0.000196988 101.56
9.961 0.000196791 101.571
9.962 0.000196594 101.582
9.963 0.000196397 101.593
9.964 0.000196201 101.604
9.965 0.000196005 101.615
9.966 0.000195809 101.626
9.967 0.000195613 101.637
9.968 0.000195418 101.648
9.969 0.000195222 101.659
9.97 0.000195027 101.67
9.971 0.000194832 101.681
9.972 0.000194638 101.692
9.973 0.000194443 101.703
9.974 0.000194249 101.714
9.975 0.000194054 101.725
9.976 0.00019386 101.736
9.977 0.000193667 101.747
9.978 0.000193473 101.758
9.979 0.00019328 101.769
9.98 0.000193086 101.78
9.981 0.000192893 101.791
9.982 0.000192701 101.802
9.983 0.000192508 101.813
9.984 0.000192316 101.824
9.985 0.000192123 101.835
9.986 0.000191931 101.846
9.987 0.000191739 101.857
9.988 0.000191548 101.868
9.989 0.000191356 101.879
9.99 0.000191165 101.89
9.991 0.000190974 101.901
9.992 0.000190783 101.912
9.993 0.000190592 101.923
9.994 0.000190402 101.934
9.995 0.000190211 101.945
9.996 0.000190021 101.956
9.997 0.000189831 101.967
9.998 0.000189642 101.978
9.999 0.000189452 101.989
10 0.000189263 102
